input_file,compare_file,abstract_semantic_score,intro_semantic_score,conclusion_semantic_score,final_semantic_score,final_score
PMC13901_plagiated.xml,PMC13901.xml,0.86916363,0.7696372,0.8747737,,0.0
PMC13901_plagiated.xml,PMC29080.xml,0.40952533,0.24369006,0.520771,,0.0
PMC13901_plagiated.xml,PMC32247.xml,0.09045753,0.07951202,0.060608298,,0.0
PMC13901_plagiated.xml,PMC34549.xml,0.33475387,0.19677544,0.28163844,,0.0
PMC13901_plagiated.xml,PMC35277.xml,0.33660394,0.4789399,0.34900635,,0.0
PMC13902_plagiated.xml,PMC13902.xml,0.86584246,0.34898737,0.80921483,,0.0
PMC13902_plagiated.xml,PMC13901.xml,0.3353853,0.44738764,0.24233957,,0.0
PMC13902_plagiated.xml,PMC32304.xml,0.33230838,0.3981331,0.3472327,,0.0
PMC13902_plagiated.xml,PMC32250.xml,0.15149797,0.2851563,0.3207839,,0.0
PMC13902_plagiated.xml,PMC30711.xml,0.31265765,0.23405296,0.22587194,,0.0
PMC13913_plagiated.xml,PMC13913.xml,0.9290259,0.6053093,0.9271654,,0.0
PMC13913_plagiated.xml,PMC31349.xml,0.13686839,0.17270412,0.2672143,,0.0
PMC13913_plagiated.xml,PMC32193.xml,0.22706419,0.29783636,0.15429057,,0.0
PMC13913_plagiated.xml,PMC29098.xml,0.17883483,0.17408487,0.26590833,,0.0
PMC13913_plagiated.xml,PMC31339.xml,0.06747612,0.22293669,0.1639723,,0.0
PMC15015_plagiated.xml,PMC15015.xml,0.8257033,0.3528379,0.9362376,,0.0
PMC15015_plagiated.xml,PMC31411.xml,0.27498466,0.24311434,0.41813874,,0.0
PMC15015_plagiated.xml,PMC33392.xml,0.222235,0.20003858,0.3487444,,0.0
PMC15015_plagiated.xml,PMC17599.xml,0.7171732,0.37069672,0.5860437,,0.0
PMC15015_plagiated.xml,PMC35277.xml,0.18492892,0.26368093,0.16063759,,0.0
PMC15023_plagiated.xml,PMC15023.xml,0.9009624,0.48725456,0.86831224,,0.0
PMC15023_plagiated.xml,PMC35354.xml,0.26834446,0.18154702,0.4024446,,0.0
PMC15023_plagiated.xml,PMC29012.xml,-0.0014879061,0.13160484,0.10063085,,0.0
PMC15023_plagiated.xml,PMC32297.xml,0.28552544,0.37011433,0.2776643,,0.0
PMC15023_plagiated.xml,PMC32197.xml,0.24078819,0.2285604,0.3483593,,0.0
PMC15024_plagiated.xml,PMC15024.xml,0.92117757,0.42840686,0.88594866,,0.0
PMC15024_plagiated.xml,PMC33394.xml,0.28066283,0.33135295,0.36508393,,0.0
PMC15024_plagiated.xml,PMC31336.xml,0.17651585,0.36600098,0.2297196,,0.0
PMC15024_plagiated.xml,PMC34549.xml,0.33239338,0.22453889,0.37860793,,0.0
PMC15024_plagiated.xml,PMC35277.xml,0.32960564,0.4463053,0.42304403,,0.0
PMC15025_plagiated.xml,PMC15025.xml,0.9133105,0.43054175,0.9632218,,0.0
PMC15025_plagiated.xml,PMC35361.xml,0.22693756,0.25289997,0.33941677,,0.0
PMC15025_plagiated.xml,PMC32299.xml,0.17231493,0.33286837,0.29037154,,0.0
PMC15025_plagiated.xml,PMC34549.xml,0.2642243,0.42462057,0.42031562,,0.0
PMC15025_plagiated.xml,PMC32182.xml,0.043213747,0.19777137,0.36822394,,0.0
PMC15027_plagiated.xml,PMC15027.xml,0.95578235,0.13667199,0.8664735,,0.0
PMC15027_plagiated.xml,PMC32197.xml,0.22852162,0.12801945,0.3066588,,0.0
PMC15027_plagiated.xml,PMC33394.xml,0.460778,0.21317935,0.5162733,,0.0
PMC15027_plagiated.xml,PMC15028.xml,0.08792514,0.05763406,0.31600118,,0.0
PMC15027_plagiated.xml,PMC31481.xml,0.30139717,0.15554526,0.4935267,,0.0
PMC15028_plagiated.xml,PMC15028.xml,0.82848763,0.4735356,0.86612964,,0.0
PMC15028_plagiated.xml,PMC31481.xml,0.21430685,0.3256551,0.38952628,,0.0
PMC15028_plagiated.xml,PMC15027.xml,0.03387017,0.22448106,0.34903842,,0.0
PMC15028_plagiated.xml,PMC37355.xml,-0.10526945,0.2275512,0.24326791,,0.0
PMC15028_plagiated.xml,PMC30706.xml,0.028505052,0.08282779,0.2654471,,0.0
PMC16139_plagiated.xml,PMC16139.xml,0.87327373,0.6247013,0.797689,,0.0
PMC16139_plagiated.xml,PMC15023.xml,0.3817601,0.4446998,0.37924603,,0.0
PMC16139_plagiated.xml,PMC17803.xml,0.3405639,0.20913845,0.48397934,,0.0
PMC16139_plagiated.xml,PMC35277.xml,0.28330117,0.4725473,0.33007848,,0.0
PMC16139_plagiated.xml,PMC29092.xml,0.26956654,0.26793763,0.4472551,,0.0
PMC16145_plagiated.xml,PMC16145.xml,0.74805725,0.46130568,0.7975706,,0.0
PMC16145_plagiated.xml,PMC34549.xml,0.19258657,0.18275827,0.26728472,,0.0
PMC16145_plagiated.xml,PMC29080.xml,0.33466876,0.37224203,0.3367101,,0.0
PMC16145_plagiated.xml,PMC32188.xml,0.21034315,0.42806047,0.38634667,,0.0
PMC16145_plagiated.xml,PMC35267.xml,0.4358716,0.24748263,0.33491948,,0.0
PMC17599_plagiated.xml,PMC17599.xml,0.8477764,0.4851672,0.8620964,,0.0
PMC17599_plagiated.xml,PMC15015.xml,0.74479556,0.26032522,0.6209612,,0.0
PMC17599_plagiated.xml,PMC34110.xml,0.35974577,0.2260974,0.32051542,,0.0
PMC17599_plagiated.xml,PMC37355.xml,0.15023413,0.25275335,0.30505985,,0.0
PMC17599_plagiated.xml,PMC34549.xml,0.34822023,0.07569644,0.3813976,,0.0
PMC17803_plagiated.xml,PMC17803.xml,0.79490805,0.3237141,0.805357,,0.0
PMC17803_plagiated.xml,PMC32163.xml,0.36900866,0.2891026,0.3929285,,0.0
PMC17803_plagiated.xml,PMC34549.xml,0.32403868,0.24550688,0.3403635,,0.0
PMC17803_plagiated.xml,PMC35277.xml,0.2740327,0.37193596,0.35991567,,0.0
PMC17803_plagiated.xml,PMC32183.xml,0.34107953,0.2658368,0.4409155,,0.0
PMC25775_plagiated.xml,PMC25775.xml,0.7488947,0.2735985,0.90403,,0.0
PMC25775_plagiated.xml,PMC31347.xml,0.18058759,0.078438915,0.36489913,,0.0
PMC25775_plagiated.xml,PMC15015.xml,0.09889864,0.17829537,0.4229082,,0.0
PMC25775_plagiated.xml,PMC35277.xml,0.29439485,0.23356506,0.48106924,,0.0
PMC25775_plagiated.xml,PMC33392.xml,0.1930005,0.22773975,0.3886221,,0.0
PMC28987_plagiated.xml,PMC28987.xml,0.7634076,0.4596736,0.9667386,,0.0
PMC28987_plagiated.xml,PMC31342.xml,0.020828934,0.16055408,0.16246434,,0.0
PMC28987_plagiated.xml,PMC29012.xml,0.082633555,0.29412845,0.21366891,,0.0
PMC28987_plagiated.xml,PMC30711.xml,0.18387514,0.17003201,0.23983519,,0.0
PMC28987_plagiated.xml,PMC31333.xml,0.029280573,0.20426993,0.17251766,,0.0
PMC28992_plagiated.xml,PMC29012.xml,0.24285692,0.32906094,0.33632207,,0.0
PMC28992_plagiated.xml,PMC28992.xml,0.9589791,0.45227927,0.90162027,,0.0
PMC28992_plagiated.xml,PMC37355.xml,0.12258952,0.16300431,0.21825746,,0.0
PMC28992_plagiated.xml,PMC34114.xml,0.101276636,0.1327137,0.21729249,,0.0
PMC28992_plagiated.xml,PMC33394.xml,0.03351388,0.22826779,0.26949584,,0.0
PMC28994_plagiated.xml,PMC28994.xml,0.98439085,0.5372586,0.8667315,,0.0
PMC28994_plagiated.xml,PMC29016.xml,0.14644752,0.42894232,0.36008823,,0.0
PMC28994_plagiated.xml,PMC28987.xml,0.22824106,0.17238265,0.14408399,,0.0
PMC28994_plagiated.xml,PMC29012.xml,0.22667216,0.49839503,0.3278215,,0.0
PMC28994_plagiated.xml,PMC29046.xml,0.3212052,0.33759168,0.28904518,,0.0
PMC29004_plagiated.xml,PMC29004.xml,0.8618647,0.59867287,0.68430996,,0.0
PMC29004_plagiated.xml,PMC37355.xml,0.11731328,0.21847847,0.18056367,,0.0
PMC29004_plagiated.xml,PMC32303.xml,0.29705733,0.2925419,0.26502973,,0.0
PMC29004_plagiated.xml,PMC28987.xml,0.29535234,0.19566064,0.052347317,,0.0
PMC29004_plagiated.xml,PMC31481.xml,0.048561268,0.18825111,0.2015926,,0.0
PMC29012_plagiated.xml,PMC29012.xml,0.8929436,0.45010653,0.9071479,,0.0
PMC29012_plagiated.xml,PMC37355.xml,0.14826551,0.13456225,0.1063051,,0.0
PMC29012_plagiated.xml,PMC32183.xml,0.11973435,0.120035514,0.20835729,,0.0
PMC29012_plagiated.xml,PMC28987.xml,0.06735958,0.30718866,0.1755203,,0.0
PMC29012_plagiated.xml,PMC30711.xml,0.18045816,0.21607983,0.2989294,,0.0
PMC29014_plagiated.xml,PMC29014.xml,0.949272,0.5924578,0.86248255,,0.0
PMC29014_plagiated.xml,PMC37355.xml,0.025120758,0.12741964,0.08970843,,0.0
PMC29014_plagiated.xml,PMC32191.xml,0.012643585,0.17785501,0.19906145,,0.0
PMC29014_plagiated.xml,PMC29012.xml,0.17824978,0.15494937,0.30129942,,0.0
PMC29014_plagiated.xml,PMC29068.xml,0.1831211,0.14748928,0.2824545,,0.0
PMC29016_plagiated.xml,PMC29016.xml,0.8486017,0.48143202,0.808195,,0.0
PMC29016_plagiated.xml,PMC29012.xml,0.4003296,0.4045465,0.4328396,,0.0
PMC29016_plagiated.xml,PMC31342.xml,0.0675249,0.22070095,0.099181086,,0.0
PMC29016_plagiated.xml,PMC32183.xml,0.18903461,0.18740338,0.19468655,,0.0
PMC29016_plagiated.xml,PMC32204.xml,0.18040445,0.22298053,0.1955474,,0.0
PMC29017_plagiated.xml,PMC29017.xml,0.768212,0.41113067,0.88706374,,0.0
PMC29017_plagiated.xml,PMC29012.xml,0.1635729,0.1486668,0.20605409,,0.0
PMC29017_plagiated.xml,PMC34102.xml,0.103457265,0.5247154,0.20966288,,0.0
PMC29017_plagiated.xml,PMC30711.xml,0.22554176,0.3189736,0.34262756,,0.0
PMC29017_plagiated.xml,PMC15023.xml,0.08506632,0.1726992,0.18047917,,0.0
PMC29028_plagiated.xml,PMC29028.xml,0.823951,0.5325996,0.9254197,,0.0
PMC29028_plagiated.xml,PMC31481.xml,0.045364898,0.11516911,0.24782053,,0.0
PMC29028_plagiated.xml,PMC37355.xml,0.2245877,0.14371951,0.19310117,,0.0
PMC29028_plagiated.xml,PMC34605.xml,0.17680927,0.2623599,0.24918988,,0.0
PMC29028_plagiated.xml,PMC31342.xml,0.24565183,0.1663124,0.21719351,,0.0
PMC29030_plagiated.xml,PMC32247.xml,0.07297352,0.14176443,0.20683701,,0.0
PMC29030_plagiated.xml,PMC29030.xml,0.8305901,0.42574516,0.9168337,,0.0
PMC29030_plagiated.xml,PMC33341.xml,0.05292419,0.17975003,0.22301461,,0.0
PMC29030_plagiated.xml,PMC29031.xml,0.048382204,0.34733373,0.17151743,,0.0
PMC29030_plagiated.xml,PMC34102.xml,0.13529152,0.3076652,0.2630861,,0.0
PMC29031_plagiated.xml,PMC29012.xml,0.195455,0.2968527,0.2886247,,0.0
PMC29031_plagiated.xml,PMC29031.xml,0.9369561,0.5106404,0.872352,,0.0
PMC29031_plagiated.xml,PMC32197.xml,0.20889866,0.09540784,0.23208281,,0.0
PMC29031_plagiated.xml,PMC13902.xml,0.15551975,0.19145456,0.19092537,,0.0
PMC29031_plagiated.xml,PMC31342.xml,0.03866332,0.04902096,0.12173523,,0.0
PMC29044_plagiated.xml,PMC29044.xml,0.844211,0.41804683,0.8890541,,0.0
PMC29044_plagiated.xml,PMC37355.xml,0.040708277,0.14579478,0.14127633,,0.0
PMC29044_plagiated.xml,PMC29016.xml,0.26146773,0.25351194,0.20695376,,0.0
PMC29044_plagiated.xml,PMC32297.xml,0.121094406,0.28885216,0.22064486,,0.0
PMC29044_plagiated.xml,PMC32296.xml,0.1932669,0.36987084,0.23845765,,0.0
PMC29046_plagiated.xml,PMC32247.xml,0.21860212,0.08690132,0.39693642,,0.0
PMC29046_plagiated.xml,PMC29046.xml,0.4164595,0.24895003,0.88216496,,0.0
PMC29046_plagiated.xml,PMC29087.xml,0.20040222,0.10638366,0.29287636,,0.0
PMC29046_plagiated.xml,PMC34107.xml,0.28808162,0.17866968,0.40183538,,0.0
PMC29046_plagiated.xml,PMC34549.xml,0.14485899,0.12729505,0.17247018,,0.0
PMC29048_plagiated.xml,PMC29048.xml,0.8325747,0.6729876,0.9516033,,0.0
PMC29048_plagiated.xml,PMC34549.xml,0.13067761,0.17533132,0.07356641,,0.0
PMC29048_plagiated.xml,PMC37355.xml,0.1381127,0.11959198,0.14786288,,0.0
PMC29048_plagiated.xml,PMC29012.xml,0.095077515,0.33676696,0.21140748,,0.0
PMC29048_plagiated.xml,PMC17803.xml,0.105308786,0.3099439,0.1991171,,0.0
PMC29057_plagiated.xml,PMC29057.xml,0.82664585,0.5291543,0.88272,,0.0
PMC29057_plagiated.xml,PMC29088.xml,0.53006554,0.28978395,0.57717735,,0.0
PMC29057_plagiated.xml,PMC37354.xml,0.38724583,0.49894547,0.49201545,,0.0
PMC29057_plagiated.xml,PMC31347.xml,0.19903222,0.20644312,0.37178224,,0.0
PMC29057_plagiated.xml,PMC34549.xml,0.32022172,0.42677963,0.29495943,,0.0
PMC29058_plagiated.xml,PMC29058.xml,0.8861857,0.5696893,0.88113683,,0.0
PMC29058_plagiated.xml,PMC29073.xml,0.368539,0.41860682,0.33155155,,0.0
PMC29058_plagiated.xml,PMC32247.xml,0.1669922,0.441975,0.17868379,,0.0
PMC29058_plagiated.xml,PMC29079.xml,0.22493672,0.17428377,0.48809433,,0.0
PMC29058_plagiated.xml,PMC35361.xml,0.1892699,0.12669538,0.41803807,,0.0
PMC29059_plagiated.xml,PMC29059.xml,0.92755413,0.30880117,0.88766664,,0.0
PMC29059_plagiated.xml,PMC31342.xml,0.17908977,0.18967086,0.3533707,,0.0
PMC29059_plagiated.xml,PMC34102.xml,0.19620436,0.311938,0.28892282,,0.0
PMC29059_plagiated.xml,PMC31348.xml,0.13235337,0.2065675,0.34280723,,0.0
PMC29059_plagiated.xml,PMC32197.xml,0.22405604,0.30409107,0.31890342,,0.0
PMC29061_plagiated.xml,PMC29061.xml,0.8807121,0.1450095,0.91655636,,0.0
PMC29061_plagiated.xml,PMC31918.xml,0.018166292,0.15660901,0.39597252,,0.0
PMC29061_plagiated.xml,PMC17599.xml,0.08302021,0.18020202,0.3891623,,0.0
PMC29061_plagiated.xml,PMC31411.xml,0.02408658,0.12523639,0.3982084,,0.0
PMC29061_plagiated.xml,PMC32188.xml,0.032733236,0.17128132,0.31180882,,0.0
PMC29062_plagiated.xml,PMC29062.xml,0.94758713,0.32363614,0.86801976,,0.0
PMC29062_plagiated.xml,PMC29080.xml,0.35838836,0.31475982,0.3876193,,0.0
PMC29062_plagiated.xml,PMC32197.xml,0.24946159,0.3338646,0.26620317,,0.0
PMC29062_plagiated.xml,PMC37355.xml,0.19405809,0.32577404,0.31489414,,0.0
PMC29062_plagiated.xml,PMC29068.xml,0.29035354,0.23712644,0.27620196,,0.0
PMC29063_plagiated.xml,PMC29063.xml,0.92715096,0.6037121,0.8718797,,0.0
PMC29063_plagiated.xml,PMC17803.xml,0.20251942,0.15678832,0.161247,,0.0
PMC29063_plagiated.xml,PMC29096.xml,0.24292365,0.19405743,0.20070264,,0.0
PMC29063_plagiated.xml,PMC35277.xml,0.23092774,0.26128408,0.24853767,,0.0
PMC29063_plagiated.xml,PMC31339.xml,0.165876,0.2910956,0.19348332,,0.0
PMC29065_plagiated.xml,PMC29065.xml,0.82287586,0.54303527,0.836115,,0.0
PMC29065_plagiated.xml,PMC29066.xml,0.2918996,0.19723806,0.37513208,,0.0
PMC29065_plagiated.xml,PMC34520.xml,0.2779162,0.3083191,0.3767979,,0.0
PMC29065_plagiated.xml,PMC32197.xml,0.3728515,0.2875022,0.37573683,,0.0
PMC29065_plagiated.xml,PMC29097.xml,0.22499195,0.19633554,0.26499116,,0.0
PMC29066_plagiated.xml,PMC29066.xml,0.8941953,0.38323033,0.8910084,,0.0
PMC29066_plagiated.xml,PMC32299.xml,0.38939425,0.3264827,0.40159553,,0.0
PMC29066_plagiated.xml,PMC29012.xml,0.19056597,0.31392497,0.23448108,,0.0
PMC29066_plagiated.xml,PMC34110.xml,0.24726845,0.31066456,0.22881404,,0.0
PMC29066_plagiated.xml,PMC29081.xml,0.28759524,0.30189478,0.33592498,,0.0
PMC29067_plagiated.xml,PMC29067.xml,0.4943096,0.39335513,0.80571276,,0.0
PMC29067_plagiated.xml,PMC32183.xml,0.18413815,0.12773281,0.45648128,,0.0
PMC29067_plagiated.xml,PMC32297.xml,0.18949062,0.2205883,0.37174934,,0.0
PMC29067_plagiated.xml,PMC33394.xml,0.11235751,0.21538907,0.29177147,,0.0
PMC29067_plagiated.xml,PMC37314.xml,0.13821013,0.23452887,0.27255586,,0.0
PMC29068_plagiated.xml,PMC29068.xml,0.70333904,0.48943222,0.7487791,,0.0
PMC29068_plagiated.xml,PMC32197.xml,0.23875488,0.2269723,0.22628202,,0.0
PMC29068_plagiated.xml,PMC37355.xml,0.21749355,0.20826982,0.34350997,,0.0
PMC29068_plagiated.xml,PMC29067.xml,0.20430754,0.28363523,0.3197416,,0.0
PMC29068_plagiated.xml,PMC29012.xml,0.0651291,0.08213984,0.083665535,,0.0
PMC29073_plagiated.xml,PMC29073.xml,0.90345496,0.4439326,0.93872505,,0.0
PMC29073_plagiated.xml,PMC37355.xml,0.23974332,0.08036164,0.36875808,,0.0
PMC29073_plagiated.xml,PMC32158.xml,0.26454443,0.15918359,0.29616112,,0.0
PMC29073_plagiated.xml,PMC31411.xml,0.3906839,0.11851154,0.38126302,,0.0
PMC29073_plagiated.xml,PMC29096.xml,0.30372548,0.11481867,0.26268828,,0.0
PMC29077_plagiated.xml,PMC29077.xml,0.91789377,0.49832338,0.79902023,,0.0
PMC29077_plagiated.xml,PMC29067.xml,0.3410153,0.33266005,0.3597596,,0.0
PMC29077_plagiated.xml,PMC34549.xml,0.37175843,0.38660163,0.4002254,,0.0
PMC29077_plagiated.xml,PMC35279.xml,0.3757389,0.41790307,0.38896322,,0.0
PMC29077_plagiated.xml,PMC32296.xml,0.31894362,0.37392262,0.34382042,,0.0
PMC29079_plagiated.xml,PMC29079.xml,0.8794197,0.51755166,0.85518634,,0.0
PMC29079_plagiated.xml,PMC35352.xml,0.45949495,0.25636554,0.46155137,,0.0
PMC29079_plagiated.xml,PMC32183.xml,0.16646776,0.33672205,0.3513068,,0.0
PMC29079_plagiated.xml,PMC32299.xml,0.17211771,0.30212322,0.38806838,,0.0
PMC29079_plagiated.xml,PMC31339.xml,0.36684555,0.25659406,0.39178222,,0.0
PMC29080_plagiated.xml,PMC29080.xml,0.8756052,0.18593189,0.9286467,,0.0
PMC29080_plagiated.xml,PMC34549.xml,0.22308709,0.4387974,0.47573066,,0.0
PMC29080_plagiated.xml,PMC15023.xml,0.23621978,0.37755272,0.4442104,,0.0
PMC29080_plagiated.xml,PMC29096.xml,0.21404782,0.115715176,0.27833882,,0.0
PMC29080_plagiated.xml,PMC16139.xml,0.3610015,0.20517707,0.30465347,,0.0
PMC29081_plagiated.xml,PMC29081.xml,0.9320948,0.71082556,0.8704184,,0.0
PMC29081_plagiated.xml,PMC13902.xml,0.16750073,0.0843673,0.34282675,,0.0
PMC29081_plagiated.xml,PMC34549.xml,0.3060573,0.17129263,0.25559258,,0.0
PMC29081_plagiated.xml,PMC34520.xml,0.34525532,0.2302308,0.3448357,,0.0
PMC29081_plagiated.xml,PMC32304.xml,0.121975005,0.088410765,0.29243666,,0.0
PMC29083_plagiated.xml,PMC34549.xml,0.42045748,0.4385249,0.35066897,,0.0
PMC29083_plagiated.xml,PMC29092.xml,0.22234705,0.29192752,0.3114014,,0.0
PMC29083_plagiated.xml,PMC17599.xml,0.3164295,0.21245104,0.20566255,,0.0
PMC29083_plagiated.xml,PMC32299.xml,0.21911043,0.36993426,0.25560182,,0.0
PMC29083_plagiated.xml,PMC29079.xml,0.0826128,0.5048593,0.34484595,,0.0
PMC29085_plagiated.xml,PMC29085.xml,0.93401325,0.53307205,0.9211656,,0.0
PMC29085_plagiated.xml,PMC31411.xml,0.18800288,0.26540846,0.2811725,,0.0
PMC29085_plagiated.xml,PMC35278.xml,0.22206774,0.29236853,0.31863633,,0.0
PMC29085_plagiated.xml,PMC34549.xml,0.39688784,0.3487781,0.25709835,,0.0
PMC29085_plagiated.xml,PMC32188.xml,0.31139842,0.40396786,0.41397852,,0.0
PMC29086_plagiated.xml,PMC34549.xml,0.27547717,0.28026104,0.42618987,,0.0
PMC29086_plagiated.xml,PMC30707.xml,0.23952232,0.21568082,0.32115138,,0.0
PMC29086_plagiated.xml,PMC17599.xml,0.2059957,0.36974216,0.23547581,,0.0
PMC29086_plagiated.xml,PMC30712.xml,0.26013693,0.29287654,0.37046337,,0.0
PMC29086_plagiated.xml,PMC33392.xml,0.29840994,0.29916227,0.44451803,,0.0
PMC29087_plagiated.xml,PMC29087.xml,0.8652891,0.5184044,0.78589344,,0.0
PMC29087_plagiated.xml,PMC29068.xml,0.107229054,0.14041945,0.16918057,,0.0
PMC29087_plagiated.xml,PMC37355.xml,0.04705341,0.1315407,0.27892032,,0.0
PMC29087_plagiated.xml,PMC31342.xml,0.09718081,0.21547236,0.27259824,,0.0
PMC29087_plagiated.xml,PMC34102.xml,0.081613556,0.35705873,0.14236175,,0.0
PMC29088_plagiated.xml,PMC29088.xml,0.8164505,0.61124694,0.8087837,,0.0
PMC29088_plagiated.xml,PMC37354.xml,0.4128458,0.39160454,0.4833836,,0.0
PMC29088_plagiated.xml,PMC29057.xml,0.6497401,0.45665583,0.56740856,,0.0
PMC29088_plagiated.xml,PMC31347.xml,0.21134472,0.21658769,0.31500223,,0.0
PMC29088_plagiated.xml,PMC25775.xml,0.4388309,0.37740016,0.48023647,,0.0
PMC29089_plagiated.xml,PMC29089.xml,0.96803945,0.4292713,0.90408933,,0.0
PMC29089_plagiated.xml,PMC29079.xml,0.119662404,0.30491373,0.42906457,,0.0
PMC29089_plagiated.xml,PMC29092.xml,0.25009102,0.3700417,0.367669,,0.0
PMC29089_plagiated.xml,PMC34549.xml,0.32889426,0.27226496,0.3078037,,0.0
PMC29089_plagiated.xml,PMC35277.xml,0.18279755,0.42761266,0.28657848,,0.0
PMC29092_plagiated.xml,PMC29092.xml,0.89705837,0.34114873,0.73150754,,0.0
PMC29092_plagiated.xml,PMC29079.xml,0.1803646,0.47726303,0.32054853,,0.0
PMC29092_plagiated.xml,PMC37354.xml,0.35721678,0.30819443,0.3003291,,0.0
PMC29092_plagiated.xml,PMC34549.xml,0.1587307,0.35993844,0.21715924,,0.0
PMC29092_plagiated.xml,PMC32189.xml,0.45530772,0.40000117,0.24845651,,0.0
PMC29094_plagiated.xml,PMC29012.xml,0.17056668,0.22793016,0.259116,,0.0
PMC29094_plagiated.xml,PMC32304.xml,0.1225106,0.29434243,0.39002764,,0.0
PMC29094_plagiated.xml,PMC29094.xml,0.8194109,0.5642829,0.8435918,,0.0
PMC29094_plagiated.xml,PMC32197.xml,0.2124029,0.23729815,0.33894205,,0.0
PMC29094_plagiated.xml,PMC33394.xml,0.069400296,0.14157113,0.41308165,,0.0
PMC29096_plagiated.xml,PMC29096.xml,0.83616674,0.53122354,0.8391116,,0.0
PMC29096_plagiated.xml,PMC35352.xml,0.238214,0.18734261,0.17939775,,0.0
PMC29096_plagiated.xml,PMC32180.xml,0.36303055,0.113623805,0.17549938,,0.0
PMC29096_plagiated.xml,PMC29101.xml,0.28066462,0.3905248,0.18037185,,0.0
PMC29096_plagiated.xml,PMC29067.xml,0.27376914,0.21623592,0.23156299,,0.0
PMC29097_plagiated.xml,PMC29097.xml,0.88753134,0.4550105,0.8076563,,0.0
PMC29097_plagiated.xml,PMC29073.xml,0.56692946,0.48557314,0.43404317,,0.0
PMC29097_plagiated.xml,PMC32247.xml,0.19138785,0.3414517,0.39327195,,0.0
PMC29097_plagiated.xml,PMC29012.xml,0.07783513,0.21202588,0.29431507,,0.0
PMC29097_plagiated.xml,PMC32188.xml,0.1685004,0.47524753,0.33858797,,0.0
PMC29098_plagiated.xml,PMC29098.xml,0.9135709,0.5920736,0.9330296,,0.0
PMC29098_plagiated.xml,PMC29080.xml,0.13740832,0.17480677,0.17093821,,0.0
PMC29098_plagiated.xml,PMC34110.xml,0.39932063,0.32338107,0.21056288,,0.0
PMC29098_plagiated.xml,PMC32199.xml,0.14296134,0.18575571,0.20641829,,0.0
PMC29098_plagiated.xml,PMC32191.xml,0.085177734,0.0872277,0.20061903,,0.0
PMC29101_plagiated.xml,PMC29101.xml,0.913869,0.35628152,0.8773108,,0.0
PMC29101_plagiated.xml,PMC32299.xml,0.12090903,0.16038711,0.28115615,,0.0
PMC29101_plagiated.xml,PMC32183.xml,0.20627037,0.25949147,0.33866435,,0.0
PMC29101_plagiated.xml,PMC29080.xml,0.20940724,0.15455271,0.3823038,,0.0
PMC29101_plagiated.xml,PMC32197.xml,0.16661474,0.3083384,0.18654631,,0.0
PMC30704_plagiated.xml,PMC34549.xml,0.3610362,0.14365108,0.30452162,,0.0
PMC30704_plagiated.xml,PMC17803.xml,0.37513506,0.12730452,0.34114575,,0.0
PMC30704_plagiated.xml,PMC15023.xml,0.2678472,0.2100273,0.27653596,,0.0
PMC30704_plagiated.xml,PMC13901.xml,0.44595262,0.47272593,0.27252147,,0.0
PMC30704_plagiated.xml,PMC34110.xml,0.45883584,0.59055465,0.41211548,,0.0
PMC30706_plagiated.xml,PMC30706.xml,0.922932,0.31391004,0.94563484,,0.0
PMC30706_plagiated.xml,PMC35277.xml,0.17386265,0.4000286,0.3751399,,0.0
PMC30706_plagiated.xml,PMC32299.xml,0.23730333,0.31526846,0.31669962,,0.0
PMC30706_plagiated.xml,PMC32189.xml,0.24748015,0.34024918,0.42400318,,0.0
PMC30706_plagiated.xml,PMC33392.xml,0.39705905,0.3955245,0.32660043,,0.0
PMC30707_plagiated.xml,PMC30707.xml,0.9303297,0.41339433,0.8852228,,0.0
PMC30707_plagiated.xml,PMC17803.xml,0.32447734,0.2628798,0.36272475,,0.0
PMC30707_plagiated.xml,PMC31411.xml,0.31240016,0.24573357,0.5137075,,0.0
PMC30707_plagiated.xml,PMC32188.xml,0.26770538,0.34962636,0.43345523,,0.0
PMC30707_plagiated.xml,PMC15023.xml,0.4531592,0.50742346,0.5114317,,0.0
PMC30708_plagiated.xml,PMC30708.xml,0.86551636,0.5705751,0.81326044,,0.0
PMC30708_plagiated.xml,PMC31481.xml,0.268632,0.1704177,0.3920715,,0.0
PMC30708_plagiated.xml,PMC37355.xml,0.30066127,0.31765664,0.425247,,0.0
PMC30708_plagiated.xml,PMC29092.xml,0.39297536,0.22038768,0.35014445,,0.0
PMC30708_plagiated.xml,PMC32183.xml,0.2620226,0.31475386,0.35357255,,0.0
PMC30711_plagiated.xml,PMC30711.xml,0.5644671,0.5651626,0.908049,,0.0
PMC30711_plagiated.xml,PMC32304.xml,0.25303,0.28664476,0.23098876,,0.0
PMC30711_plagiated.xml,PMC37313.xml,0.19703923,0.28050432,0.32147262,,0.0
PMC30711_plagiated.xml,PMC33341.xml,0.2210742,0.21065746,0.22837166,,0.0
PMC30711_plagiated.xml,PMC32247.xml,-0.0034975484,0.21487708,0.3534605,,0.0
PMC30712_plagiated.xml,PMC30712.xml,0.92567176,0.43765342,0.914983,,0.0
PMC30712_plagiated.xml,PMC32313.xml,0.2294065,0.40799856,0.3974238,,0.0
PMC30712_plagiated.xml,PMC34549.xml,0.30992365,0.30489385,0.2073788,,0.0
PMC30712_plagiated.xml,PMC16139.xml,0.41682246,0.4271543,0.34858358,,0.0
PMC30712_plagiated.xml,PMC32183.xml,0.2473264,0.31915218,0.32272547,,0.0
PMC30714_plagiated.xml,PMC31342.xml,0.061629128,0.240051,0.20047763,,0.0
PMC30714_plagiated.xml,PMC34102.xml,0.13676928,0.34949583,0.38557342,,0.0
PMC30714_plagiated.xml,PMC30711.xml,0.33030957,0.21410395,0.49734557,,0.0
PMC30714_plagiated.xml,PMC29012.xml,0.22136486,0.21103406,0.2865161,,0.0
PMC30714_plagiated.xml,PMC29066.xml,0.1869178,0.16723216,0.44466525,,0.0
PMC30715_plagiated.xml,PMC30715.xml,0.8200749,0.42892992,0.9012747,,0.0
PMC30715_plagiated.xml,PMC34114.xml,0.11721192,0.15481102,0.2594313,,0.0
PMC30715_plagiated.xml,PMC28987.xml,0.22557008,0.12249496,0.17643793,,0.0
PMC30715_plagiated.xml,PMC29004.xml,0.15269664,0.29530662,0.3196705,,0.0
PMC30715_plagiated.xml,PMC29030.xml,-0.011710208,0.34371185,0.07599115,,0.0
PMC31330_plagiated.xml,PMC31330.xml,0.861415,0.23297252,0.9024991,,0.0
PMC31330_plagiated.xml,PMC37351.xml,0.21437243,0.20082344,0.27257687,,0.0
PMC31330_plagiated.xml,PMC32197.xml,0.30115977,0.14966355,0.3781226,,0.0
PMC31330_plagiated.xml,PMC33394.xml,0.2113859,0.31735915,0.3253021,,0.0
PMC31330_plagiated.xml,PMC32158.xml,0.19982047,0.18571687,0.29848713,,0.0
PMC31332_plagiated.xml,PMC31332.xml,0.8900744,0.174398,0.58932304,,0.0
PMC31332_plagiated.xml,PMC32313.xml,0.3301958,0.27422118,0.4447673,,0.0
PMC31332_plagiated.xml,PMC37314.xml,0.34095624,0.33740968,0.33177403,,0.0
PMC31332_plagiated.xml,PMC32182.xml,0.29176307,0.28493857,0.3772406,,0.0
PMC31332_plagiated.xml,PMC31370.xml,0.24805239,0.21229059,0.44302773,,0.0
PMC31333_plagiated.xml,PMC31333.xml,0.86499,0.5341673,0.8984293,,0.0
PMC31333_plagiated.xml,PMC37355.xml,0.26023808,0.29623914,0.17440559,,0.0
PMC31333_plagiated.xml,PMC32183.xml,0.18881667,0.14575306,0.25463256,,0.0
PMC31333_plagiated.xml,PMC30708.xml,0.21677199,0.2352827,0.30142528,,0.0
PMC31333_plagiated.xml,PMC31481.xml,0.11249313,0.28860116,0.30654094,,0.0
PMC31334_plagiated.xml,PMC31334.xml,0.8466861,0.5916712,0.8798192,,0.0
PMC31334_plagiated.xml,PMC34514.xml,0.22052556,0.29462594,0.31629878,,0.0
PMC31334_plagiated.xml,PMC32182.xml,0.28798202,0.2438285,0.20269391,,0.0
PMC31334_plagiated.xml,PMC31332.xml,0.3306106,0.21205439,0.3600509,,0.0
PMC31334_plagiated.xml,PMC32313.xml,0.36949286,0.29845655,0.4149535,,0.0
PMC31335_plagiated.xml,PMC31335.xml,0.8178578,0.6454428,0.84095764,,0.0
PMC31335_plagiated.xml,PMC31370.xml,0.3001529,0.3334233,0.21122526,,0.0
PMC31335_plagiated.xml,PMC32299.xml,0.26282412,0.40091628,0.36631683,,0.0
PMC31335_plagiated.xml,PMC34549.xml,0.24784905,0.45021105,0.26617593,,0.0
PMC31335_plagiated.xml,PMC31339.xml,0.29637656,0.30378795,0.32244864,,0.0
PMC31336_plagiated.xml,PMC31336.xml,0.87845266,0.30197206,0.8895544,,0.0
PMC31336_plagiated.xml,PMC34549.xml,0.26881856,0.25726783,0.2999997,,0.0
PMC31336_plagiated.xml,PMC32299.xml,0.24728774,0.24651332,0.37663424,,0.0
PMC31336_plagiated.xml,PMC33392.xml,0.21079952,0.24514252,0.36691993,,0.0
PMC31336_plagiated.xml,PMC32197.xml,0.30279288,0.20513639,0.3589481,,0.0
PMC31337_plagiated.xml,PMC31337.xml,0.9495384,0.32091796,0.84820473,,0.0
PMC31337_plagiated.xml,PMC37355.xml,0.16671139,0.19425888,0.2927716,,0.0
PMC31337_plagiated.xml,PMC32299.xml,0.22731537,0.21278815,0.40849608,,0.0
PMC31337_plagiated.xml,PMC29012.xml,0.1859059,0.12931849,0.21118893,,0.0
PMC31337_plagiated.xml,PMC32191.xml,0.053109508,0.0674204,0.2738424,,0.0
PMC31338_plagiated.xml,PMC31338.xml,0.8676082,0.4907791,0.6384024,,0.0
PMC31338_plagiated.xml,PMC35277.xml,0.121855326,0.1810098,0.31908438,,0.0
PMC31338_plagiated.xml,PMC29096.xml,0.2037602,0.23662484,0.18243766,,0.0
PMC31338_plagiated.xml,PMC34520.xml,0.17863196,0.19544178,0.30426258,,0.0
PMC31338_plagiated.xml,PMC29062.xml,0.31611884,0.28144604,0.2683556,,0.0
PMC31339_plagiated.xml,PMC31339.xml,0.8495182,0.5164428,0.83289766,,0.0
PMC31339_plagiated.xml,PMC32183.xml,0.37016672,0.23938482,0.41594648,,0.0
PMC31339_plagiated.xml,PMC35283.xml,0.38147008,0.11577351,0.3262701,,0.0
PMC31339_plagiated.xml,PMC31334.xml,0.22629118,0.2590449,0.2995276,,0.0
PMC31339_plagiated.xml,PMC13901.xml,0.33524704,0.17084017,0.36009833,,0.0
PMC31341_plagiated.xml,PMC31341.xml,0.8786098,0.4686842,0.875201,,0.0
PMC31341_plagiated.xml,PMC32183.xml,0.26031613,0.44819784,0.435426,,0.0
PMC31341_plagiated.xml,PMC29080.xml,0.31866515,0.23622392,0.43022996,,0.0
PMC31341_plagiated.xml,PMC35279.xml,0.3234773,0.24567401,0.4762146,,0.0
PMC31341_plagiated.xml,PMC29073.xml,0.24079688,0.24180189,0.33259788,,0.0
PMC31342_plagiated.xml,PMC31342.xml,0.9208189,0.5452055,0.9167136,,0.0
PMC31342_plagiated.xml,PMC37355.xml,0.23830804,0.17444892,0.2139133,,0.0
PMC31342_plagiated.xml,PMC28987.xml,0.076287925,0.26213706,0.14515066,,0.0
PMC31342_plagiated.xml,PMC34549.xml,0.11487784,0.18325958,0.3742001,,0.0
PMC31342_plagiated.xml,PMC31481.xml,0.17806976,0.17566532,0.22456487,,0.0
PMC31344_plagiated.xml,PMC31370.xml,0.24575979,0.24848041,0.26558888,,0.0
PMC31344_plagiated.xml,PMC32183.xml,0.19241616,0.2965327,0.36453897,,0.0
PMC31344_plagiated.xml,PMC29012.xml,0.118698105,0.20435144,0.1950177,,0.0
PMC31344_plagiated.xml,PMC32299.xml,0.13994431,0.36855143,0.30342448,,0.0
PMC31344_plagiated.xml,PMC28987.xml,0.11307212,0.2961818,0.17028776,,0.0
PMC31347_plagiated.xml,PMC31347.xml,0.85510993,0.6132137,0.8539694,,0.0
PMC31347_plagiated.xml,PMC35361.xml,0.2939456,0.33316195,0.4782658,,0.0
PMC31347_plagiated.xml,PMC37354.xml,0.31304595,0.31061035,0.5865828,,0.0
PMC31347_plagiated.xml,PMC31330.xml,0.21636793,0.38110745,0.45336246,,0.0
PMC31347_plagiated.xml,PMC34549.xml,0.15540174,0.42435265,0.46185067,,0.0
PMC31348_plagiated.xml,PMC31348.xml,0.9551277,0.45873743,0.87034166,,0.0
PMC31348_plagiated.xml,PMC29101.xml,-0.038071573,0.19046281,0.22780514,,0.0
PMC31348_plagiated.xml,PMC35277.xml,0.213994,0.19739427,0.3686077,,0.0
PMC31348_plagiated.xml,PMC33820.xml,0.17029062,0.26149648,0.35272905,,0.0
PMC31348_plagiated.xml,PMC28987.xml,0.098241635,0.23898187,0.22643876,,0.0
PMC31349_plagiated.xml,PMC32180.xml,0.2686362,0.3445774,0.33655778,,0.0
PMC31349_plagiated.xml,PMC31349.xml,0.94980717,0.37639654,0.8981119,,0.0
PMC31349_plagiated.xml,PMC35283.xml,0.32267684,0.3164538,0.31874567,,0.0
PMC31349_plagiated.xml,PMC31339.xml,0.29114377,0.15146169,0.36210787,,0.0
PMC31349_plagiated.xml,PMC35352.xml,0.3114351,0.13034195,0.3397322,,0.0
PMC31370_plagiated.xml,PMC31370.xml,0.8314364,0.27012497,0.9004257,,0.0
PMC31370_plagiated.xml,PMC13901.xml,0.2697558,0.5166536,0.33885565,,0.0
PMC31370_plagiated.xml,PMC32304.xml,0.10137865,0.5390523,0.28097296,,0.0
PMC31370_plagiated.xml,PMC32299.xml,0.25250715,0.2142142,0.3465131,,0.0
PMC31370_plagiated.xml,PMC32183.xml,0.28010148,0.29961443,0.3745755,,0.0
PMC31411_plagiated.xml,PMC31411.xml,0.7563406,0.40307945,0.9122251,,0.0
PMC31411_plagiated.xml,PMC34549.xml,0.2885114,0.3308097,0.30133754,,0.0
PMC31411_plagiated.xml,PMC33392.xml,0.3129943,0.33643663,0.2981709,,0.0
PMC31411_plagiated.xml,PMC30706.xml,0.23558769,0.25907904,0.4134688,,0.0
PMC31411_plagiated.xml,PMC32183.xml,0.16503648,0.17637342,0.35355514,,0.0
PMC31431_plagiated.xml,PMC35354.xml,0.13347602,0.40269962,0.34877515,,0.0
PMC31431_plagiated.xml,PMC13902.xml,0.19104345,0.30151787,0.3471833,,0.0
PMC31431_plagiated.xml,PMC31431.xml,0.9054461,0.39044854,0.90449756,,0.0
PMC31431_plagiated.xml,PMC29044.xml,0.12475857,0.22563268,0.22822359,,0.0
PMC31431_plagiated.xml,PMC32197.xml,0.2531858,0.15998054,0.32760003,,0.0
PMC31433_plagiated.xml,PMC31433.xml,0.93664813,0.32005882,0.8511016,,0.0
PMC31433_plagiated.xml,PMC32183.xml,0.21645531,0.19745755,0.35481113,,0.0
PMC31433_plagiated.xml,PMC37314.xml,0.15711506,0.25194785,0.26293552,,0.0
PMC31433_plagiated.xml,PMC29097.xml,0.16791098,0.34427416,0.26543605,,0.0
PMC31433_plagiated.xml,PMC29081.xml,0.24393475,0.14943296,0.33111852,,0.0
PMC31479_plagiated.xml,PMC29092.xml,0.33967075,0.33683747,0.35444343,,0.0
PMC31479_plagiated.xml,PMC34514.xml,0.2604941,0.29761398,0.31856453,,0.0
PMC31479_plagiated.xml,PMC33392.xml,0.28142804,0.12913337,0.32569253,,0.0
PMC31479_plagiated.xml,PMC35285.xml,0.33074686,0.22640984,0.43910423,,0.0
PMC31479_plagiated.xml,PMC31479.xml,0.9170013,0.5600293,0.8088137,,0.0
PMC31481_plagiated.xml,PMC31481.xml,0.94272196,0.45610946,0.81698644,,0.0
PMC31481_plagiated.xml,PMC37355.xml,0.062151928,0.2960167,0.308033,,0.0
PMC31481_plagiated.xml,PMC35267.xml,0.26249668,0.14097834,0.46164432,,0.0
PMC31481_plagiated.xml,PMC32191.xml,0.08544654,0.093743265,0.26925206,,0.0
PMC31481_plagiated.xml,PMC29012.xml,0.07843364,0.14902388,0.18070781,,0.0
PMC31482_plagiated.xml,PMC31482.xml,0.910802,0.4059614,0.8184633,,0.0
PMC31482_plagiated.xml,PMC31481.xml,0.17118526,0.19156909,0.2816245,,0.0
PMC31482_plagiated.xml,PMC29012.xml,0.13670819,0.1286411,0.22579077,,0.0
PMC31482_plagiated.xml,PMC31342.xml,0.27830583,0.23960885,0.3248033,,0.0
PMC31482_plagiated.xml,PMC37355.xml,0.15380183,0.430973,0.31955323,,0.0
PMC31580_plagiated.xml,PMC31580.xml,0.88470316,0.48667693,0.83506846,,0.0
PMC31580_plagiated.xml,PMC32299.xml,0.20885085,0.4004833,0.1816181,,0.0
PMC31580_plagiated.xml,PMC31342.xml,0.1010658,0.22471562,0.13003126,,0.0
PMC31580_plagiated.xml,PMC32313.xml,0.19548398,0.15825394,0.26403588,,0.0
PMC31580_plagiated.xml,PMC32297.xml,0.19375758,0.25473624,0.1566664,,0.0
PMC31918_plagiated.xml,PMC31411.xml,0.16287395,0.26730108,0.36578274,,0.0
PMC31918_plagiated.xml,PMC35278.xml,0.36967248,0.26960087,0.49205017,,0.0
PMC31918_plagiated.xml,PMC34520.xml,0.2573297,0.1970386,0.40584016,,0.0
PMC31918_plagiated.xml,PMC32188.xml,0.24320614,0.3387856,0.37787533,,0.0
PMC31918_plagiated.xml,PMC29092.xml,0.2649784,0.25131792,0.3503543,,0.0
PMC31925_plagiated.xml,PMC31925.xml,0.86464155,0.45987847,0.93879163,,0.0
PMC31925_plagiated.xml,PMC35361.xml,0.1768276,0.26928473,0.33521676,,0.0
PMC31925_plagiated.xml,PMC31330.xml,0.2337082,0.2921696,0.3665995,,0.0
PMC31925_plagiated.xml,PMC32299.xml,0.2859233,0.3522875,0.44854575,,0.0
PMC31925_plagiated.xml,PMC32197.xml,0.27122062,0.3241415,0.4528486,,0.0
PMC32158_plagiated.xml,PMC32158.xml,0.8731973,0.453994,0.85502785,,0.0
PMC32158_plagiated.xml,PMC31481.xml,0.07531963,0.13692582,0.25621814,,0.0
PMC32158_plagiated.xml,PMC32183.xml,0.2684248,0.27845764,0.32617927,,0.0
PMC32158_plagiated.xml,PMC32299.xml,0.20284668,0.19315547,0.2855118,,0.0
PMC32158_plagiated.xml,PMC29092.xml,0.2415851,0.18702945,0.31905192,,0.0
PMC32163_plagiated.xml,PMC32163.xml,0.8537713,0.60467446,0.9105555,,0.0
PMC32163_plagiated.xml,PMC17803.xml,0.362469,0.3554387,0.31364256,,0.0
PMC32163_plagiated.xml,PMC35277.xml,0.23278901,0.4230515,0.3542147,,0.0
PMC32163_plagiated.xml,PMC32188.xml,0.1462744,0.19908774,0.41564506,,0.0
PMC32163_plagiated.xml,PMC34549.xml,0.36015663,0.26326087,0.26671726,,0.0
PMC32169_plagiated.xml,PMC32169.xml,0.66774833,0.22640008,0.8161396,,0.0
PMC32169_plagiated.xml,PMC13901.xml,0.2000593,0.4736513,0.3329994,,0.0
PMC32169_plagiated.xml,PMC29096.xml,0.29947457,0.25245255,0.27128693,,0.0
PMC32169_plagiated.xml,PMC32247.xml,-0.0049442574,0.24426343,0.22389685,,0.0
PMC32169_plagiated.xml,PMC33820.xml,0.36220926,0.14928888,0.277931,,0.0
PMC32170_plagiated.xml,PMC32170.xml,0.94502974,0.58983743,0.79900587,,0.0
PMC32170_plagiated.xml,PMC29088.xml,0.27927336,0.17200747,0.4260224,,0.0
PMC32170_plagiated.xml,PMC29057.xml,0.28822738,0.1923207,0.44372845,,0.0
PMC32170_plagiated.xml,PMC34113.xml,0.34392387,0.106145866,0.22020803,,0.0
PMC32170_plagiated.xml,PMC37354.xml,0.2887809,0.34757757,0.45549062,,0.0
PMC32172_plagiated.xml,PMC32172.xml,0.76170385,0.57826114,0.8703363,,0.0
PMC32172_plagiated.xml,PMC30711.xml,0.15138018,0.28105217,0.38359028,,0.0
PMC32172_plagiated.xml,PMC13902.xml,0.099652134,0.13131581,0.20724839,,0.0
PMC32172_plagiated.xml,PMC29016.xml,0.066138156,0.27938932,0.20230526,,0.0
PMC32172_plagiated.xml,PMC29096.xml,0.117369704,0.14829165,0.17838271,,0.0
PMC32173_plagiated.xml,PMC32173.xml,0.91110295,0.7525959,0.76410574,,0.0
PMC32173_plagiated.xml,PMC13902.xml,0.15551811,0.28733474,0.27642912,,0.0
PMC32173_plagiated.xml,PMC37355.xml,0.21730663,0.19698803,0.19544993,,0.0
PMC32173_plagiated.xml,PMC37356.xml,0.19730812,0.1797289,0.2546567,,0.0
PMC32173_plagiated.xml,PMC32169.xml,0.22775573,0.2847687,0.2835612,,0.0
PMC32174_plagiated.xml,PMC29012.xml,0.2680853,0.19638821,0.33535337,,0.0
PMC32174_plagiated.xml,PMC29004.xml,0.3426194,0.29894164,0.3267388,,0.0
PMC32174_plagiated.xml,PMC28987.xml,0.15676768,0.105275996,0.23504284,,0.0
PMC32174_plagiated.xml,PMC37355.xml,0.09695234,0.111641124,0.21696836,,0.0
PMC32174_plagiated.xml,PMC32174.xml,0.9067135,0.5290165,0.8397856,,0.0
PMC32180_plagiated.xml,PMC32180.xml,0.88238513,0.2067324,0.66331124,,0.0
PMC32180_plagiated.xml,PMC35352.xml,0.34655413,0.23398782,0.20936218,,0.0
PMC32180_plagiated.xml,PMC13901.xml,0.18155828,0.20090988,0.19023019,,0.0
PMC32180_plagiated.xml,PMC32299.xml,0.23693848,0.18182135,0.27902776,,0.0
PMC32180_plagiated.xml,PMC29080.xml,0.16868621,0.24290091,0.2911759,,0.0
PMC32181_plagiated.xml,PMC33341.xml,0.4138664,0.12906095,0.36749732,,0.0
PMC32181_plagiated.xml,PMC32299.xml,0.3045553,0.22184664,0.35357517,,0.0
PMC32181_plagiated.xml,PMC13901.xml,0.26423547,0.21112709,0.4131515,,0.0
PMC32181_plagiated.xml,PMC31339.xml,0.33452767,0.18082845,0.47698963,,0.0
PMC32181_plagiated.xml,PMC32313.xml,0.41285545,0.38361573,0.5585567,,0.0
PMC32182_plagiated.xml,PMC32299.xml,0.23080081,0.3836257,0.13409667,,0.0
PMC32182_plagiated.xml,PMC34549.xml,0.06743064,0.33369076,0.19457942,,0.0
PMC32182_plagiated.xml,PMC31370.xml,0.32291406,0.46114996,0.3919367,,0.0
PMC32182_plagiated.xml,PMC32182.xml,0.82236123,0.55309004,0.78668743,,0.0
PMC32182_plagiated.xml,PMC37314.xml,0.3332096,0.31297404,0.2825539,,0.0
PMC32183_plagiated.xml,PMC32183.xml,0.9405445,0.482837,0.9001159,,0.0
PMC32183_plagiated.xml,PMC33394.xml,0.14996794,0.33102447,0.41154802,,0.0
PMC32183_plagiated.xml,PMC32197.xml,0.29659468,0.3553,0.38503686,,0.0
PMC32183_plagiated.xml,PMC37355.xml,0.13330036,0.28546757,0.3902601,,0.0
PMC32183_plagiated.xml,PMC32297.xml,0.16466886,0.34627342,0.24358165,,0.0
PMC32187_plagiated.xml,PMC32187.xml,0.8979316,0.41510022,0.7695835,,0.0
PMC32187_plagiated.xml,PMC31482.xml,0.36030135,0.49345276,0.42254266,,0.0
PMC32187_plagiated.xml,PMC15023.xml,0.3262055,0.4133236,0.47594535,,0.0
PMC32187_plagiated.xml,PMC31347.xml,0.24987477,0.5092075,0.3330391,,0.0
PMC32187_plagiated.xml,PMC31411.xml,0.29083407,0.24657331,0.3996086,,0.0
PMC32188_plagiated.xml,PMC32188.xml,0.9846796,0.23988046,0.91450334,,0.0
PMC32188_plagiated.xml,PMC37355.xml,0.17971167,0.19587928,0.27329618,,0.0
PMC32188_plagiated.xml,PMC31411.xml,0.25195283,0.2675954,0.49119174,,0.0
PMC32188_plagiated.xml,PMC29092.xml,0.06341931,0.09811981,0.30654126,,0.0
PMC32188_plagiated.xml,PMC34549.xml,0.25933486,0.36785218,0.31418294,,0.0
PMC32189_plagiated.xml,PMC32189.xml,0.8421092,0.25980163,0.79072744,,0.0
PMC32189_plagiated.xml,PMC34549.xml,0.23549102,0.18322515,0.46235263,,0.0
PMC32189_plagiated.xml,PMC33392.xml,0.28051147,0.13026065,0.43881103,,0.0
PMC32189_plagiated.xml,PMC30712.xml,0.22801258,0.24969473,0.34809178,,0.0
PMC32189_plagiated.xml,PMC15024.xml,0.47902384,0.60570014,0.4704914,,0.0
PMC32191_plagiated.xml,PMC32191.xml,0.85432184,0.52216184,0.8650117,,0.0
PMC32191_plagiated.xml,PMC29068.xml,0.064396255,0.24292403,0.19901694,,0.0
PMC32191_plagiated.xml,PMC37355.xml,-0.023551188,0.1357535,0.23967113,,0.0
PMC32191_plagiated.xml,PMC32299.xml,0.09996444,0.082867175,0.15067387,,0.0
PMC32191_plagiated.xml,PMC32303.xml,0.23154217,0.3451627,0.25661504,,0.0
PMC32193_plagiated.xml,PMC32193.xml,0.92449343,0.5300473,0.83367145,,0.0
PMC32193_plagiated.xml,PMC29004.xml,0.23459011,0.2971996,0.3250512,,0.0
PMC32193_plagiated.xml,PMC29044.xml,0.07029336,0.16345543,0.12826301,,0.0
PMC32193_plagiated.xml,PMC32303.xml,0.18053274,0.54404294,0.23614785,,0.0
PMC32193_plagiated.xml,PMC31481.xml,0.09462006,0.20132548,0.3240025,,0.0
PMC32195_plagiated.xml,PMC29030.xml,0.24614048,0.32442102,0.091545686,,0.0
PMC32195_plagiated.xml,PMC29012.xml,0.12837178,0.23723021,0.060602546,,0.0
PMC32195_plagiated.xml,PMC31342.xml,0.2322192,0.14245704,0.17814276,,0.0
PMC32195_plagiated.xml,PMC37355.xml,0.08038312,0.18868288,0.04541076,,0.0
PMC32195_plagiated.xml,PMC29004.xml,0.2235848,0.33561146,0.20852782,,0.0
PMC32196_plagiated.xml,PMC32196.xml,0.959795,0.53105426,0.8871808,,0.0
PMC32196_plagiated.xml,PMC35360.xml,0.088545375,0.25304905,0.22276601,,0.0
PMC32196_plagiated.xml,PMC34605.xml,0.24902633,0.14025563,0.38346142,,0.0
PMC32196_plagiated.xml,PMC29012.xml,0.12615088,0.23014498,0.1142641,,0.0
PMC32196_plagiated.xml,PMC28987.xml,0.075307414,0.21671602,0.10446681,,0.0
PMC32197_plagiated.xml,PMC32197.xml,0.7860837,0.3640343,0.811014,,0.0
PMC32197_plagiated.xml,PMC35361.xml,0.37758413,0.26946032,0.39503282,,0.0
PMC32197_plagiated.xml,PMC32313.xml,0.29805368,0.19705305,0.2600539,,0.0
PMC32197_plagiated.xml,PMC37314.xml,0.25437936,0.31193823,0.30963498,,0.0
PMC32197_plagiated.xml,PMC32250.xml,0.15240556,0.29997444,0.28289706,,0.0
PMC32199_plagiated.xml,PMC32199.xml,0.9216473,0.19660251,0.9480559,,0.0
PMC32199_plagiated.xml,PMC32299.xml,0.32084703,0.274961,0.2422662,,0.0
PMC32199_plagiated.xml,PMC32188.xml,0.17684205,0.20598224,0.26485056,,0.0
PMC32199_plagiated.xml,PMC35361.xml,0.2551856,0.21055418,0.45648056,,0.0
PMC32199_plagiated.xml,PMC34549.xml,0.38437268,0.39371282,0.40283442,,0.0
PMC32204_plagiated.xml,PMC32204.xml,0.78679043,0.6593769,0.89845693,,0.0
PMC32204_plagiated.xml,PMC31342.xml,0.2529611,0.12563026,0.21432601,,0.0
PMC32204_plagiated.xml,PMC29012.xml,0.1497075,0.3439421,0.30003795,,0.0
PMC32204_plagiated.xml,PMC37355.xml,0.10723581,0.09407229,0.17551634,,0.0
PMC32204_plagiated.xml,PMC32183.xml,0.12635583,0.22482783,0.27280366,,0.0
PMC32206_plagiated.xml,PMC32206.xml,0.76426136,0.16992916,0.782931,,0.0
PMC32206_plagiated.xml,PMC29068.xml,0.18682313,0.21456337,0.2300759,,0.0
PMC32206_plagiated.xml,PMC32191.xml,0.1043567,0.05622441,0.21282396,,0.0
PMC32206_plagiated.xml,PMC29092.xml,0.16593234,0.23401493,0.20357555,,0.0
PMC32206_plagiated.xml,PMC33394.xml,0.12351504,0.22425699,0.213037,,0.0
PMC32208_plagiated.xml,PMC32208.xml,0.84651047,0.6410332,0.73837173,,0.0
PMC32208_plagiated.xml,PMC32247.xml,0.19269344,0.34171265,0.31047404,,0.0
PMC32208_plagiated.xml,PMC32170.xml,0.2653542,0.42895538,0.41313493,,0.0
PMC32208_plagiated.xml,PMC29087.xml,0.23942538,0.31561697,0.24946824,,0.0
PMC32208_plagiated.xml,PMC29046.xml,0.3140952,0.41598058,0.38150537,,0.0
PMC32247_plagiated.xml,PMC32247.xml,0.80326545,0.46355158,0.9538167,,0.0
PMC32247_plagiated.xml,PMC37355.xml,0.11159991,0.0605199,0.16779795,,0.0
PMC32247_plagiated.xml,PMC29096.xml,0.09310377,0.13339078,0.10357091,,0.0
PMC32247_plagiated.xml,PMC29012.xml,0.18787576,0.31074554,0.3334074,,0.0
PMC32247_plagiated.xml,PMC29073.xml,0.12421769,0.23285149,0.1812187,,0.0
PMC32248_plagiated.xml,PMC32248.xml,0.85040826,0.3437943,0.8282223,,0.0
PMC32248_plagiated.xml,PMC32182.xml,0.31265646,0.3114086,0.26507193,,0.0
PMC32248_plagiated.xml,PMC31330.xml,0.35163826,0.350613,0.32458168,,0.0
PMC32248_plagiated.xml,PMC34549.xml,0.29369557,0.31991348,0.2679083,,0.0
PMC32248_plagiated.xml,PMC32299.xml,0.22502175,0.23711221,0.21265064,,0.0
PMC32250_plagiated.xml,PMC32250.xml,0.93732333,0.23834258,0.8512007,,0.0
PMC32250_plagiated.xml,PMC30711.xml,0.21930197,0.13508327,0.22122276,,0.0
PMC32250_plagiated.xml,PMC31342.xml,0.13128923,0.14543656,0.19259973,,0.0
PMC32250_plagiated.xml,PMC32197.xml,0.20986885,0.10369426,0.3112255,,0.0
PMC32250_plagiated.xml,PMC31348.xml,0.1443573,0.11558266,0.23272566,,0.0
PMC32296_plagiated.xml,PMC32296.xml,0.95284563,0.53102577,0.88377094,,0.0
PMC32296_plagiated.xml,PMC32297.xml,0.62349206,0.5213764,0.60053074,,0.0
PMC32296_plagiated.xml,PMC29016.xml,0.13671543,0.1899775,0.214041,,0.0
PMC32296_plagiated.xml,PMC13902.xml,0.24525672,0.14461805,0.24451572,,0.0
PMC32296_plagiated.xml,PMC32197.xml,0.24982044,0.15003453,0.28657407,,0.0
PMC32297_plagiated.xml,PMC32297.xml,0.85151243,0.4605683,0.64031243,,0.0
PMC32297_plagiated.xml,PMC32197.xml,0.21312548,0.21166804,0.2538377,,0.0
PMC32297_plagiated.xml,PMC32296.xml,0.56077385,0.4591399,0.4324352,,0.0
PMC32297_plagiated.xml,PMC32183.xml,0.10463759,0.37511593,0.16965628,,0.0
PMC32297_plagiated.xml,PMC13902.xml,0.1843724,0.24046339,0.31100693,,0.0
PMC32299_plagiated.xml,PMC32299.xml,0.7453733,0.27858075,0.8054957,,0.0
PMC32299_plagiated.xml,PMC30711.xml,0.20842034,0.23614672,0.28721052,,0.0
PMC32299_plagiated.xml,PMC29012.xml,0.03156432,0.103964,0.14117068,,0.0
PMC32299_plagiated.xml,PMC32158.xml,0.2351703,0.2587594,0.394136,,0.0
PMC32299_plagiated.xml,PMC32250.xml,0.2575826,0.33674246,0.23118314,,0.0
PMC32302_plagiated.xml,PMC32302.xml,0.9730302,0.42672414,0.96502936,,0.0
PMC32302_plagiated.xml,PMC33518.xml,-0.0048335874,0.2476474,0.11469801,,0.0
PMC32302_plagiated.xml,PMC29012.xml,0.009541856,0.10674695,0.19553176,,0.0
PMC32302_plagiated.xml,PMC37355.xml,0.021226149,0.17965755,0.04863783,,0.0
PMC32302_plagiated.xml,PMC29004.xml,0.098559186,0.14849931,0.2821839,,0.0
PMC32303_plagiated.xml,PMC32303.xml,0.89304376,0.49194673,0.9122262,,0.0
PMC32303_plagiated.xml,PMC37355.xml,0.007818013,0.18599865,0.12028051,,0.0
PMC32303_plagiated.xml,PMC31333.xml,0.07329803,0.16904756,0.10135892,,0.0
PMC32303_plagiated.xml,PMC29004.xml,0.22367603,0.20981136,0.1820182,,0.0
PMC32303_plagiated.xml,PMC34116.xml,0.10342855,0.29914325,0.15058833,,0.0
PMC32304_plagiated.xml,PMC32304.xml,0.9617185,0.49337077,0.7598156,,0.0
PMC32304_plagiated.xml,PMC31330.xml,0.28019965,0.33403373,0.23227979,,0.0
PMC32304_plagiated.xml,PMC35361.xml,0.17860447,0.18458927,0.14871258,,0.0
PMC32304_plagiated.xml,PMC32299.xml,0.21860783,0.1953449,0.1676711,,0.0
PMC32304_plagiated.xml,PMC32183.xml,0.2598904,0.29472935,0.36621597,,0.0
PMC32311_plagiated.xml,PMC32311.xml,0.96063375,0.5203012,0.9622309,,0.0
PMC32311_plagiated.xml,PMC37310.xml,0.35889933,0.29762295,0.48292625,,0.0
PMC32311_plagiated.xml,PMC34549.xml,0.291775,0.3006243,0.30600142,,0.0
PMC32311_plagiated.xml,PMC31411.xml,0.24324626,0.3184926,0.3700019,,0.0
PMC32311_plagiated.xml,PMC34514.xml,0.36752424,0.35708767,0.5661366,,0.0
PMC32312_plagiated.xml,PMC32312.xml,0.9255387,0.47549137,0.90521824,,0.0
PMC32312_plagiated.xml,PMC29012.xml,0.12060772,0.376814,0.2297318,,0.0
PMC32312_plagiated.xml,PMC32197.xml,0.1680778,0.13200232,0.2784422,,0.0
PMC32312_plagiated.xml,PMC29096.xml,0.31119138,0.3926022,0.43907517,,0.0
PMC32312_plagiated.xml,PMC32299.xml,0.2201234,0.25568047,0.22648263,,0.0
PMC32313_plagiated.xml,PMC32313.xml,0.8344401,0.56659794,0.8834921,,0.0
PMC32313_plagiated.xml,PMC31330.xml,0.3988135,0.35947382,0.44542527,,0.0
PMC32313_plagiated.xml,PMC32187.xml,0.27501616,0.23271406,0.29522565,,0.0
PMC32313_plagiated.xml,PMC31347.xml,0.32219136,0.3559882,0.42441702,,0.0
PMC32313_plagiated.xml,PMC35361.xml,0.3032933,0.2781942,0.4348353,,0.0
PMC33341_plagiated.xml,PMC33341.xml,0.7684043,0.3613212,0.8730818,,0.0
PMC33341_plagiated.xml,PMC32197.xml,0.2980659,0.28537,0.33104384,,0.0
PMC33341_plagiated.xml,PMC31342.xml,0.014774548,0.18920924,0.1129169,,0.0
PMC33341_plagiated.xml,PMC29012.xml,0.12756522,0.30943662,0.20461607,,0.0
PMC33341_plagiated.xml,PMC32183.xml,0.23044705,0.26336694,0.27356195,,0.0
PMC33342_plagiated.xml,PMC33342.xml,0.8376709,0.32772768,0.900762,,0.0
PMC33342_plagiated.xml,PMC29004.xml,0.15078571,0.12515783,0.23100027,,0.0
PMC33342_plagiated.xml,PMC31342.xml,0.195272,0.14890945,0.17474312,,0.0
PMC33342_plagiated.xml,PMC35267.xml,0.060612068,0.16209173,0.1535905,,0.0
PMC33342_plagiated.xml,PMC33394.xml,0.013498181,0.18855402,0.19195223,,0.0
PMC33343_plagiated.xml,PMC33343.xml,0.94207203,0.500031,0.9253272,,0.0
PMC33343_plagiated.xml,PMC32170.xml,0.1831829,0.3088333,0.3542016,,0.0
PMC33343_plagiated.xml,PMC29012.xml,0.113698125,0.2661234,0.331676,,0.0
PMC33343_plagiated.xml,PMC32247.xml,0.19408609,0.33374932,0.33807635,,0.0
PMC33343_plagiated.xml,PMC28987.xml,0.1833124,0.13005477,0.118737936,,0.0
PMC33344_plagiated.xml,PMC33344.xml,0.9101863,0.50903976,0.9139315,,0.0
PMC33344_plagiated.xml,PMC32299.xml,0.3317892,0.3510762,0.33935505,,0.0
PMC33344_plagiated.xml,PMC29012.xml,0.17094341,0.19158676,0.2061961,,0.0
PMC33344_plagiated.xml,PMC31342.xml,0.18860196,0.17740917,0.19593103,,0.0
PMC33344_plagiated.xml,PMC33341.xml,0.31504884,0.07414615,0.3673057,,0.0
PMC33392_plagiated.xml,PMC34549.xml,0.28380904,0.48636568,0.4120338,,0.0
PMC33392_plagiated.xml,PMC15024.xml,0.33362693,0.4581717,0.42745987,,0.0
PMC33392_plagiated.xml,PMC32299.xml,0.14238277,0.34241635,0.34014514,,0.0
PMC33392_plagiated.xml,PMC33392.xml,0.77544534,0.56419396,0.86778975,,0.0
PMC33392_plagiated.xml,PMC35361.xml,0.25695798,0.42618823,0.31637043,,0.0
PMC33394_plagiated.xml,PMC33394.xml,0.9527987,0.33067524,0.9026077,,0.0
PMC33394_plagiated.xml,PMC37355.xml,0.17478582,0.19512512,0.40928173,,0.0
PMC33394_plagiated.xml,PMC32183.xml,0.20233563,0.36467785,0.38687962,,0.0
PMC33394_plagiated.xml,PMC32189.xml,0.3868264,0.2629805,0.489523,,0.0
PMC33394_plagiated.xml,PMC31411.xml,0.17608148,0.1430447,0.50260144,,0.0
PMC33396_plagiated.xml,PMC33396.xml,0.94689167,0.50931793,0.880656,,0.0
PMC33396_plagiated.xml,PMC35277.xml,0.43242797,0.37415484,0.275419,,0.0
PMC33396_plagiated.xml,PMC17803.xml,0.4004953,0.21660368,0.36769122,,0.0
PMC33396_plagiated.xml,PMC33392.xml,0.3428797,0.23525539,0.4244798,,0.0
PMC33396_plagiated.xml,PMC32187.xml,0.3646782,0.38828886,0.5219137,,0.0
PMC33507_plagiated.xml,PMC29080.xml,0.32536858,0.12060247,0.37251195,,0.0
PMC33507_plagiated.xml,PMC34102.xml,0.1615321,0.27734718,0.20437297,,0.0
PMC33507_plagiated.xml,PMC37355.xml,0.30272624,0.12774903,0.33972725,,0.0
PMC33507_plagiated.xml,PMC29068.xml,0.22487691,0.19930165,0.19581561,,0.0
PMC33507_plagiated.xml,PMC29096.xml,0.37324756,0.33228445,0.34749332,,0.0
PMC33518_plagiated.xml,PMC33518.xml,0.7775599,0.41468066,0.8480725,,0.0
PMC33518_plagiated.xml,PMC29012.xml,0.15042785,0.23061934,0.2265485,,0.0
PMC33518_plagiated.xml,PMC29098.xml,0.3554715,0.26609802,0.3123815,,0.0
PMC33518_plagiated.xml,PMC32204.xml,0.33297747,0.24785976,0.45232126,,0.0
PMC33518_plagiated.xml,PMC28987.xml,0.15758169,0.08350348,0.08139926,,0.0
PMC33820_plagiated.xml,PMC33820.xml,0.78054893,0.49288496,0.91147816,,0.0
PMC33820_plagiated.xml,PMC37354.xml,0.4142091,0.2983746,0.49606407,,0.0
PMC33820_plagiated.xml,PMC33392.xml,0.46126497,0.18757187,0.25333893,,0.0
PMC33820_plagiated.xml,PMC35277.xml,0.16968876,0.41058198,0.37070653,,0.0
PMC33820_plagiated.xml,PMC34549.xml,0.25763485,0.19873369,0.29334462,,0.0
PMC34102_plagiated.xml,PMC34102.xml,0.9032606,0.56618387,0.92528975,,0.0
PMC34102_plagiated.xml,PMC28987.xml,0.1985898,0.23062168,0.21253991,,0.0
PMC34102_plagiated.xml,PMC31342.xml,0.11822671,0.109852046,0.2880425,,0.0
PMC34102_plagiated.xml,PMC37355.xml,0.16719937,0.17003272,0.2259855,,0.0
PMC34102_plagiated.xml,PMC29012.xml,0.0045494195,0.13631251,0.16774316,,0.0
PMC34107_plagiated.xml,PMC34107.xml,0.93497264,0.5066657,0.82322526,,0.0
PMC34107_plagiated.xml,PMC29012.xml,0.0069532264,0.32519636,0.29217136,,0.0
PMC34107_plagiated.xml,PMC29098.xml,0.17788923,0.2756182,0.2951929,,0.0
PMC34107_plagiated.xml,PMC28987.xml,0.21327437,0.16020349,0.3435496,,0.0
PMC34107_plagiated.xml,PMC33341.xml,0.10825818,0.047353867,0.108584546,,0.0
PMC34110_plagiated.xml,PMC34110.xml,0.9364297,0.7696092,0.85080105,,0.0
PMC34110_plagiated.xml,PMC37310.xml,0.34348023,0.17904375,0.39501035,,0.0
PMC34110_plagiated.xml,PMC32304.xml,0.2407281,0.3665241,0.39106944,,0.0
PMC34110_plagiated.xml,PMC13901.xml,0.36896876,0.647712,0.26008672,,0.0
PMC34110_plagiated.xml,PMC37355.xml,0.18511456,0.13639079,0.23302737,,0.0
PMC34111_plagiated.xml,PMC34111.xml,0.93058914,0.44540054,0.8582119,,0.0
PMC34111_plagiated.xml,PMC35286.xml,0.22216873,0.29013577,0.22564805,,0.0
PMC34111_plagiated.xml,PMC37355.xml,0.06060619,0.15245534,0.19034141,,0.0
PMC34111_plagiated.xml,PMC31342.xml,0.10930678,0.15317975,0.24098599,,0.0
PMC34111_plagiated.xml,PMC29096.xml,0.21176864,0.12646313,0.16361807,,0.0
PMC34113_plagiated.xml,PMC29079.xml,0.17085636,0.2735201,0.31470424,,0.0
PMC34113_plagiated.xml,PMC30707.xml,0.29129085,0.3203075,0.2463379,,0.0
PMC34113_plagiated.xml,PMC37354.xml,0.3047439,0.3142077,0.23897704,,0.0
PMC34113_plagiated.xml,PMC15024.xml,0.16778904,0.3430003,0.16021179,,0.0
PMC34113_plagiated.xml,PMC35277.xml,0.34568816,0.31403404,0.3296363,,0.0
PMC34114_plagiated.xml,PMC34114.xml,0.9440841,0.23598269,0.8950917,,0.0
PMC34114_plagiated.xml,PMC28987.xml,0.12992573,0.1834805,0.22202742,,0.0
PMC34114_plagiated.xml,PMC31333.xml,0.14629605,0.16903915,0.21808475,,0.0
PMC34114_plagiated.xml,PMC29004.xml,0.124338515,0.29178917,0.20211095,,0.0
PMC34114_plagiated.xml,PMC31342.xml,0.05360286,0.07900764,0.10579333,,0.0
PMC34116_plagiated.xml,PMC34549.xml,0.16148663,0.38001484,0.23037523,,0.0
PMC34116_plagiated.xml,PMC29097.xml,0.35126713,0.34752968,0.4229951,,0.0
PMC34116_plagiated.xml,PMC32189.xml,0.22957236,0.38536415,0.31191796,,0.0
PMC34116_plagiated.xml,PMC29057.xml,0.16537589,0.47469926,0.18963172,,0.0
PMC34116_plagiated.xml,PMC29073.xml,0.36328533,0.3184818,0.32850716,,0.0
PMC34117_plagiated.xml,PMC35283.xml,0.31427634,0.19549948,0.42304415,,0.0
PMC34117_plagiated.xml,PMC32197.xml,0.25133073,0.5291083,0.3128368,,0.0
PMC34117_plagiated.xml,PMC29012.xml,0.13808839,0.20312625,0.31887597,,0.0
PMC34117_plagiated.xml,PMC34520.xml,0.2573174,0.41460243,0.34262705,,0.0
PMC34117_plagiated.xml,PMC37356.xml,0.22441082,0.4030467,0.40622607,,0.0
PMC34514_plagiated.xml,PMC34514.xml,0.77967227,0.42325997,0.6630563,,0.0
PMC34514_plagiated.xml,PMC17599.xml,0.24733403,0.3070627,0.23827606,,0.0
PMC34514_plagiated.xml,PMC31333.xml,0.24440902,0.24152023,0.23870029,,0.0
PMC34514_plagiated.xml,PMC37351.xml,0.267035,0.22733296,0.22615257,,0.0
PMC34514_plagiated.xml,PMC29079.xml,0.06821008,0.18913081,0.20872076,,0.0
PMC34520_plagiated.xml,PMC34520.xml,0.9355451,0.5390242,0.9106699,,0.0
PMC34520_plagiated.xml,PMC31330.xml,0.21895503,0.25712097,0.31689173,,0.0
PMC34520_plagiated.xml,PMC32250.xml,0.28413415,0.26592785,0.29237425,,0.0
PMC34520_plagiated.xml,PMC29066.xml,0.14490223,0.26381963,0.25258845,,0.0
PMC34520_plagiated.xml,PMC15024.xml,0.15246092,0.28484976,0.42040345,,0.0
PMC34549_plagiated.xml,PMC34549.xml,0.9009707,0.5374838,0.898677,,0.0
PMC34549_plagiated.xml,PMC30712.xml,0.31970856,0.29960892,0.2056356,,0.0
PMC34549_plagiated.xml,PMC15024.xml,0.3670856,0.31458774,0.38035688,,0.0
PMC34549_plagiated.xml,PMC31370.xml,0.24624671,0.23142335,0.29289865,,0.0
PMC34549_plagiated.xml,PMC17599.xml,0.3213378,0.16044024,0.20813574,,0.0
PMC34550_plagiated.xml,PMC34550.xml,0.6536182,0.34337586,0.90778124,,0.0
PMC34550_plagiated.xml,PMC34549.xml,0.097021915,0.1262253,0.23964755,,0.0
PMC34550_plagiated.xml,PMC32197.xml,0.06050974,0.21838358,0.23231599,,0.0
PMC34550_plagiated.xml,PMC37355.xml,0.10537827,0.0644847,0.32324305,,0.0
PMC34550_plagiated.xml,PMC35354.xml,0.011875535,0.09939165,0.2672515,,0.0
PMC34551_plagiated.xml,PMC34551.xml,0.82636726,0.6353742,0.8978303,,0.0
PMC34551_plagiated.xml,PMC37355.xml,0.094884895,0.17051187,0.03837643,,0.0
PMC34551_plagiated.xml,PMC31481.xml,0.046971746,0.2615723,0.12001362,,0.0
PMC34551_plagiated.xml,PMC34117.xml,0.106972106,0.11644276,0.108156554,,0.0
PMC34551_plagiated.xml,PMC31333.xml,0.11943224,0.10808332,0.11753342,,0.0
PMC34552_plagiated.xml,PMC34552.xml,0.8467994,0.42888224,0.84492576,,0.0
PMC34552_plagiated.xml,PMC34514.xml,0.25114843,0.21770355,0.30489123,,0.0
PMC34552_plagiated.xml,PMC31330.xml,0.14618294,0.27978584,0.24447578,,0.0
PMC34552_plagiated.xml,PMC13901.xml,0.2947957,0.3469717,0.3719461,,0.0
PMC34552_plagiated.xml,PMC37310.xml,0.20809986,0.20934054,0.31238276,,0.0
PMC34605_plagiated.xml,PMC34605.xml,0.91621876,0.75121933,0.90004027,,0.0
PMC34605_plagiated.xml,PMC37355.xml,0.085347205,0.11368107,0.21058065,,0.0
PMC34605_plagiated.xml,PMC31481.xml,0.06454286,0.14818399,0.19137956,,0.0
PMC34605_plagiated.xml,PMC29004.xml,0.15728298,0.3003327,0.3019671,,0.0
PMC34605_plagiated.xml,PMC29012.xml,0.068045855,0.16706933,0.19882026,,0.0
PMC34606_plagiated.xml,PMC32299.xml,0.26618758,0.14443949,0.22299844,,0.0
PMC34606_plagiated.xml,PMC34606.xml,0.90281606,0.32889223,0.77608645,,0.0
PMC34606_plagiated.xml,PMC29096.xml,0.2811036,0.37560922,0.31171256,,0.0
PMC34606_plagiated.xml,PMC32197.xml,0.19598538,0.16401382,0.17458692,,0.0
PMC34606_plagiated.xml,PMC31925.xml,0.39714172,0.26524675,0.3323088,,0.0
PMC35267_plagiated.xml,PMC35267.xml,0.95088243,0.32781982,0.90443844,,0.0
PMC35267_plagiated.xml,PMC31481.xml,0.2650184,0.4136542,0.41402912,,0.0
PMC35267_plagiated.xml,PMC33392.xml,0.29854977,0.252881,0.39903975,,0.0
PMC35267_plagiated.xml,PMC37355.xml,0.3194586,0.3292591,0.37425157,,0.0
PMC35267_plagiated.xml,PMC29087.xml,0.29287124,0.052306365,0.30473393,,0.0
PMC35277_plagiated.xml,PMC35277.xml,0.9069069,0.63404715,0.5787865,,0.0
PMC35277_plagiated.xml,PMC15024.xml,0.29135272,0.4227512,0.2929589,,0.0
PMC35277_plagiated.xml,PMC17803.xml,0.33550972,0.31477427,0.3222198,,0.0
PMC35277_plagiated.xml,PMC34549.xml,0.3712833,0.35288185,0.21076943,,0.0
PMC35277_plagiated.xml,PMC29096.xml,0.26854277,0.2763592,0.21311747,,0.0
PMC35278_plagiated.xml,PMC35278.xml,0.6697824,0.5366639,0.871074,,0.0
PMC35278_plagiated.xml,PMC31330.xml,0.19920798,0.34315526,0.36569172,,0.0
PMC35278_plagiated.xml,PMC32189.xml,0.06322319,0.34817916,0.28863925,,0.0
PMC35278_plagiated.xml,PMC30707.xml,0.22436328,0.38474536,0.37056744,,0.0
PMC35278_plagiated.xml,PMC34549.xml,0.23714553,0.23955765,0.2759893,,0.0
PMC35279_plagiated.xml,PMC35279.xml,0.8168757,0.45536774,0.89961934,,0.0
PMC35279_plagiated.xml,PMC32188.xml,0.25623566,0.24010676,0.40051296,,0.0
PMC35279_plagiated.xml,PMC17803.xml,0.3850233,0.16057874,0.36956,,0.0
PMC35279_plagiated.xml,PMC29067.xml,0.33863246,0.43421552,0.4073859,,0.0
PMC35279_plagiated.xml,PMC32299.xml,0.2287964,0.41588086,0.3309471,,0.0
PMC35280_plagiated.xml,PMC35280.xml,0.8862682,0.3710548,0.81987566,,0.0
PMC35280_plagiated.xml,PMC31339.xml,0.1405567,0.10999523,0.29918033,,0.0
PMC35280_plagiated.xml,PMC17803.xml,0.2362599,0.10509628,0.38456666,,0.0
PMC35280_plagiated.xml,PMC34117.xml,0.26630977,0.17430611,0.45818084,,0.0
PMC35280_plagiated.xml,PMC30706.xml,0.22130229,0.08537441,0.2459382,,0.0
PMC35283_plagiated.xml,PMC35283.xml,0.9308238,0.4883104,0.95084274,,0.0
PMC35283_plagiated.xml,PMC29016.xml,0.27765983,0.39658964,0.37798807,,0.0
PMC35283_plagiated.xml,PMC13901.xml,0.30851597,0.33063617,0.35980895,,0.0
PMC35283_plagiated.xml,PMC32304.xml,0.31461263,0.2604829,0.36800006,,0.0
PMC35283_plagiated.xml,PMC29066.xml,0.22016218,0.3080216,0.33270365,,0.0
PMC35285_plagiated.xml,PMC34549.xml,0.24558786,0.3737635,0.32609475,,0.0
PMC35285_plagiated.xml,PMC35285.xml,0.85155797,0.54134595,0.76617134,,0.0
PMC35285_plagiated.xml,PMC37354.xml,0.2677734,0.2881325,0.2724029,,0.0
PMC35285_plagiated.xml,PMC31347.xml,0.2626531,0.083593994,0.2549637,,0.0
PMC35285_plagiated.xml,PMC32189.xml,0.14563665,0.23049831,0.34173822,,0.0
PMC35286_plagiated.xml,PMC35286.xml,0.9641671,0.6424905,0.9454485,,0.0
PMC35286_plagiated.xml,PMC34110.xml,0.18950295,0.18902953,0.12716174,,0.0
PMC35286_plagiated.xml,PMC37355.xml,0.058284335,0.056124445,0.119772404,,0.0
PMC35286_plagiated.xml,PMC34114.xml,0.08089425,0.17942896,0.12596838,,0.0
PMC35286_plagiated.xml,PMC29004.xml,0.058218807,0.1439689,0.29804966,,0.0
PMC35352_plagiated.xml,PMC35352.xml,0.9231313,0.4755292,0.87279904,,0.0
PMC35352_plagiated.xml,PMC34520.xml,0.24394545,0.2894513,0.33438763,,0.0
PMC35352_plagiated.xml,PMC35283.xml,0.1731512,0.13481587,0.41308385,,0.0
PMC35352_plagiated.xml,PMC29079.xml,0.49168947,0.38984284,0.56797147,,0.0
PMC35352_plagiated.xml,PMC32197.xml,0.23121105,0.28403217,0.37383673,,0.0
PMC35353_plagiated.xml,PMC34549.xml,0.3167947,0.27622765,0.267164,,0.0
PMC35353_plagiated.xml,PMC31330.xml,0.2836571,0.36886698,0.2695789,,0.0
PMC35353_plagiated.xml,PMC17599.xml,0.17970075,0.3267665,0.124244,,0.0
PMC35353_plagiated.xml,PMC37354.xml,0.32220706,0.23566428,0.3267468,,0.0
PMC35353_plagiated.xml,PMC15024.xml,0.23880833,0.37847263,0.15479812,,0.0
PMC35354_plagiated.xml,PMC35354.xml,0.9583223,0.52288747,0.95782065,,0.0
PMC35354_plagiated.xml,PMC29096.xml,0.09174186,0.06397271,0.21128765,,0.0
PMC35354_plagiated.xml,PMC37351.xml,0.116053775,0.08946772,0.25754827,,0.0
PMC35354_plagiated.xml,PMC15027.xml,0.3171147,0.18717097,0.30887637,,0.0
PMC35354_plagiated.xml,PMC33394.xml,0.17784998,0.120096594,0.29487902,,0.0
PMC35360_plagiated.xml,PMC35360.xml,0.92621446,0.5985105,0.97697616,,0.0
PMC35360_plagiated.xml,PMC31481.xml,0.27349898,0.21496384,0.22180314,,0.0
PMC35360_plagiated.xml,PMC15015.xml,0.24106249,0.28727967,0.28591233,,0.0
PMC35360_plagiated.xml,PMC35267.xml,0.3837239,0.19373956,0.31336474,,0.0
PMC35360_plagiated.xml,PMC37314.xml,0.09778616,0.22037753,0.10919169,,0.0
PMC35361_plagiated.xml,PMC35361.xml,0.8682239,0.4421332,0.8604578,,0.0
PMC35361_plagiated.xml,PMC31347.xml,0.42271996,0.33816117,0.46869862,,0.0
PMC35361_plagiated.xml,PMC31330.xml,0.2086708,0.23094746,0.41412586,,0.0
PMC35361_plagiated.xml,PMC34549.xml,0.25701797,0.2355417,0.29822475,,0.0
PMC35361_plagiated.xml,PMC32197.xml,0.48666826,0.37931305,0.5061729,,0.0
PMC37242_plagiated.xml,PMC32299.xml,0.35979944,0.38740125,0.35329318,,0.0
PMC37242_plagiated.xml,PMC37355.xml,0.15016524,0.40434974,0.33255574,,0.0
PMC37242_plagiated.xml,PMC31344.xml,0.41713792,0.34673378,0.41334388,,0.0
PMC37242_plagiated.xml,PMC30706.xml,0.34402192,0.3359107,0.47633556,,0.0
PMC37242_plagiated.xml,PMC33394.xml,0.16584179,0.34581798,0.37059516,,0.0
PMC37243_plagiated.xml,PMC37243.xml,0.97331727,0.22619125,0.8885494,,0.0
PMC37243_plagiated.xml,PMC32299.xml,0.4320108,0.30681854,0.32797983,,0.0
PMC37243_plagiated.xml,PMC32197.xml,0.30539095,0.15485692,0.3282792,,0.0
PMC37243_plagiated.xml,PMC30711.xml,0.22250813,0.1625402,0.20489815,,0.0
PMC37243_plagiated.xml,PMC32183.xml,0.32990348,0.19679278,0.37547106,,0.0
PMC37310_plagiated.xml,PMC37310.xml,0.934628,0.71480423,0.9080583,,0.0
PMC37310_plagiated.xml,PMC34549.xml,0.29445684,0.27172232,0.27988395,,0.0
PMC37310_plagiated.xml,PMC34520.xml,0.21217564,0.30304354,0.26195884,,0.0
PMC37310_plagiated.xml,PMC15023.xml,0.14203393,0.21028438,0.24891439,,0.0
PMC37310_plagiated.xml,PMC32188.xml,0.13403225,0.27991703,0.32098126,,0.0
PMC37313_plagiated.xml,PMC37313.xml,0.9309267,0.5776659,0.9150835,,0.0
PMC37313_plagiated.xml,PMC30711.xml,0.26019752,0.29931444,0.32198074,,0.0
PMC37313_plagiated.xml,PMC32158.xml,0.14405264,0.10593665,0.28794754,,0.0
PMC37313_plagiated.xml,PMC32299.xml,0.07722848,0.19211528,0.11597559,,0.0
PMC37313_plagiated.xml,PMC29012.xml,0.07726467,0.2134303,0.19292939,,0.0
PMC37314_plagiated.xml,PMC37314.xml,0.7758064,0.58016074,0.84988564,,0.0
PMC37314_plagiated.xml,PMC32197.xml,0.12998727,0.3289054,0.3828721,,0.0
PMC37314_plagiated.xml,PMC29067.xml,0.2531636,0.5155863,0.35588443,,0.0
PMC37314_plagiated.xml,PMC35361.xml,0.20607659,0.19401255,0.28173572,,0.0
PMC37314_plagiated.xml,PMC37351.xml,0.18524113,0.24323052,0.2761553,,0.0
PMC37351_plagiated.xml,PMC37351.xml,0.9689646,0.41835564,0.80421925,,0.0
PMC37351_plagiated.xml,PMC29096.xml,0.36560154,0.20157596,0.20358929,,0.0
PMC37351_plagiated.xml,PMC32188.xml,0.16198635,0.17976657,0.42860883,,0.0
PMC37351_plagiated.xml,PMC31339.xml,0.13031203,0.3060551,0.13449152,,0.0
PMC37351_plagiated.xml,PMC33394.xml,0.24482682,0.24169147,0.35968256,,0.0
PMC37352_plagiated.xml,PMC37352.xml,0.9208257,0.63934636,0.9201664,,0.0
PMC37352_plagiated.xml,PMC35277.xml,0.16759855,0.29530227,0.4146788,,0.0
PMC37352_plagiated.xml,PMC37351.xml,0.17954414,0.26514614,0.33865267,,0.0
PMC37352_plagiated.xml,PMC35361.xml,0.33964518,0.35165322,0.45262125,,0.0
PMC37352_plagiated.xml,PMC37314.xml,0.22803429,0.31013036,0.19646409,,0.0
PMC37353_plagiated.xml,PMC31342.xml,0.08952889,0.036391333,0.3102037,,0.0
PMC37353_plagiated.xml,PMC29012.xml,0.06133127,0.24128678,0.15821722,,0.0
PMC37353_plagiated.xml,PMC29096.xml,0.37549278,0.29398084,0.31700614,,0.0
PMC37353_plagiated.xml,PMC31337.xml,0.15892777,0.20019251,0.28940162,,0.0
PMC37353_plagiated.xml,PMC31481.xml,0.07720973,0.14731073,0.24186659,,0.0
PMC37354_plagiated.xml,PMC35277.xml,0.27489436,0.31201285,0.41208547,,0.0
PMC37354_plagiated.xml,PMC37354.xml,0.8663368,0.45827416,0.82720673,,0.0
PMC37354_plagiated.xml,PMC29079.xml,0.22790968,0.42168528,0.36296007,,0.0
PMC37354_plagiated.xml,PMC31411.xml,0.24276891,0.27448308,0.37581718,,0.0
PMC37354_plagiated.xml,PMC32187.xml,0.2072585,0.3407392,0.4299364,,0.0
PMC37355_plagiated.xml,PMC37355.xml,0.6835489,0.46923304,0.92560196,,0.0
PMC37355_plagiated.xml,PMC34549.xml,0.16098171,0.32450676,0.2653771,,0.0
PMC37355_plagiated.xml,PMC33394.xml,0.16831091,0.32268617,0.31260258,,0.0
PMC37355_plagiated.xml,PMC32299.xml,0.21889964,0.26369837,0.17068313,,0.0
PMC37355_plagiated.xml,PMC31481.xml,0.058679372,0.23574719,0.3136343,,0.0
PMC37356_plagiated.xml,PMC37356.xml,0.8501524,0.4413936,0.84489465,,0.0
PMC37356_plagiated.xml,PMC30711.xml,0.08022599,0.18227406,0.24504083,,0.0
PMC37356_plagiated.xml,PMC31348.xml,0.044296734,0.25639546,0.23429221,,0.0
PMC37356_plagiated.xml,PMC29012.xml,0.2086825,0.15891732,0.33894575,,0.0
PMC37356_plagiated.xml,PMC29097.xml,0.47373015,0.30527368,0.47180504,,0.0
PMC37391_plagiated.xml,PMC37391.xml,0.9110638,0.32182086,0.88775575,,0.0
PMC37391_plagiated.xml,PMC31411.xml,0.14616099,0.20601702,0.27889815,,0.0
PMC37391_plagiated.xml,PMC15027.xml,0.23986454,0.2911849,0.37801883,,0.0
PMC37391_plagiated.xml,PMC30706.xml,0.26492828,0.30479246,0.35640013,,0.0
PMC37391_plagiated.xml,PMC31347.xml,0.3530308,0.41821063,0.3989238,,0.0
