input_file,compare_file,abstract_semantic_score,intro_semantic_score,conclusion_semantic_score,final_semantic_score
PMC13901_plagiated.xml,PMC13901.xml,0.86916375,0.7696371,0.87477374,0.851502416
PMC13901_plagiated.xml,PMC29080.xml,0.40952533,0.24369004,0.520771,0.42085654000000006
PMC13901_plagiated.xml,PMC35277.xml,0.33660394,0.47894,0.34900633,0.370032108
PMC13901_plagiated.xml,PMC34549.xml,0.33475387,0.1967754,0.2816385,0.28591202800000004
PMC13901_plagiated.xml,PMC32247.xml,0.090457566,0.07951203,0.060608253,0.0763287336
PMC13902_plagiated.xml,PMC13902.xml,0.8658426,0.3489874,0.80921495,0.7398205000000001
PMC13902_plagiated.xml,PMC32304.xml,0.33230853,0.39813313,0.34723285,0.351443178
PMC13902_plagiated.xml,PMC13901.xml,0.33538538,0.4473876,0.24233949,0.320567468
PMC13902_plagiated.xml,PMC30711.xml,0.31265765,0.23405299,0.22587197,0.262222446
PMC13902_plagiated.xml,PMC32250.xml,0.15149795,0.2851563,0.32078403,0.245944052
PMC13913_plagiated.xml,PMC13913.xml,0.9290259,0.6053093,0.9271654,0.86353838
PMC13913_plagiated.xml,PMC29098.xml,0.17883494,0.1740849,0.26590836,0.21271430000000002
PMC13913_plagiated.xml,PMC32193.xml,0.2270642,0.29783636,0.15429063,0.21210920400000002
PMC13913_plagiated.xml,PMC31349.xml,0.13686849,0.17270419,0.26721424,0.19617393
PMC13913_plagiated.xml,PMC31339.xml,0.06747607,0.22293669,0.16397232,0.137166694
PMC15015_plagiated.xml,PMC15015.xml,0.82570326,0.35283786,0.9362375,0.7753438760000001
PMC15015_plagiated.xml,PMC17599.xml,0.71717316,0.37069675,0.5860438,0.595426134
PMC15015_plagiated.xml,PMC31411.xml,0.27498478,0.24311432,0.41813868,0.32587224800000003
PMC15015_plagiated.xml,PMC33392.xml,0.222235,0.20003861,0.3487444,0.26839948199999997
PMC15015_plagiated.xml,PMC35277.xml,0.18492891,0.26368096,0.16063757,0.190962784
PMC15023_plagiated.xml,PMC15023.xml,0.90096235,0.48725468,0.86831236,0.80516082
PMC15023_plagiated.xml,PMC35354.xml,0.26834443,0.18154714,0.40244466,0.304625064
PMC15023_plagiated.xml,PMC32297.xml,0.2855255,0.37011445,0.27766433,0.299298822
PMC15023_plagiated.xml,PMC32197.xml,0.24078824,0.22856042,0.34835932,0.281371108
PMC15023_plagiated.xml,PMC29012.xml,-0.0014879145,0.13160482,0.10063084,0.06597813420000001
PMC15024_plagiated.xml,PMC15024.xml,0.92117757,0.4284069,0.88594866,0.8085318720000001
PMC15024_plagiated.xml,PMC35277.xml,0.32960555,0.44630522,0.423044,0.390320864
PMC15024_plagiated.xml,PMC34549.xml,0.33239335,0.22453892,0.37860793,0.329308296
PMC15024_plagiated.xml,PMC33394.xml,0.28066278,0.33135295,0.36508396,0.324569286
PMC15024_plagiated.xml,PMC31336.xml,0.1765158,0.366001,0.22971961,0.235694364
PMC15025_plagiated.xml,PMC15025.xml,0.91331065,0.43054172,0.9632218,0.836721324
PMC15025_plagiated.xml,PMC34549.xml,0.2642243,0.42462057,0.42031568,0.35874010600000006
PMC15025_plagiated.xml,PMC35361.xml,0.22693753,0.25289986,0.33941686,0.277121728
PMC15025_plagiated.xml,PMC32299.xml,0.17231499,0.33286837,0.29037154,0.251648286
PMC15025_plagiated.xml,PMC32182.xml,0.043213807,0.19777134,0.3682239,0.20412935080000003
PMC15027_plagiated.xml,PMC15027.xml,0.9557823,0.13667196,0.86647356,0.756236736
PMC15027_plagiated.xml,PMC33394.xml,0.460778,0.2131794,0.5162734,0.43345644000000005
PMC15027_plagiated.xml,PMC31481.xml,0.30139726,0.15554534,0.4935268,0.349078692
PMC15027_plagiated.xml,PMC32197.xml,0.22852166,0.12801945,0.30665883,0.239676086
PMC15027_plagiated.xml,PMC15028.xml,0.0879251,0.05763407,0.3160013,0.173097374
PMC15028_plagiated.xml,PMC15028.xml,0.8284876,0.47353572,0.86612964,0.7725540400000002
PMC15028_plagiated.xml,PMC31481.xml,0.21430692,0.32565516,0.38952634,0.30666433600000004
PMC15028_plagiated.xml,PMC15027.xml,0.03387019,0.22448108,0.34903842,0.19805966000000003
PMC15028_plagiated.xml,PMC30706.xml,0.028505087,0.08282786,0.26544714,0.13414646280000003
PMC15028_plagiated.xml,PMC37355.xml,-0.1052694,0.2275513,0.24326804,0.100709716
PMC16139_plagiated.xml,PMC16139.xml,0.87327373,0.62470126,0.797689,0.7933253440000001
PMC16139_plagiated.xml,PMC15023.xml,0.38176012,0.44469973,0.37924606,0.393342418
PMC16139_plagiated.xml,PMC17803.xml,0.3405639,0.20913851,0.48397934,0.371644998
PMC16139_plagiated.xml,PMC29092.xml,0.2695666,0.26793766,0.44725505,0.340316192
PMC16139_plagiated.xml,PMC35277.xml,0.28330114,0.47254726,0.3300784,0.33986126800000005
PMC16145_plagiated.xml,PMC16145.xml,0.74805725,0.46130568,0.7975706,0.710512276
PMC16145_plagiated.xml,PMC35267.xml,0.43587157,0.24748258,0.33491942,0.357812912
PMC16145_plagiated.xml,PMC29080.xml,0.33466882,0.37224203,0.33670998,0.34299992599999996
PMC16145_plagiated.xml,PMC32188.xml,0.2103432,0.42806053,0.38634664,0.32428804200000005
PMC16145_plagiated.xml,PMC34549.xml,0.19258659,0.18275833,0.26728463,0.220500154
PMC17599_plagiated.xml,PMC17599.xml,0.8477764,0.48516726,0.8620964,0.7809825720000001
PMC17599_plagiated.xml,PMC15015.xml,0.7447957,0.26032522,0.62096107,0.598367752
PMC17599_plagiated.xml,PMC34110.xml,0.35974574,0.22609738,0.32051545,0.317323952
PMC17599_plagiated.xml,PMC34549.xml,0.3482203,0.075696364,0.38139758,0.3069864248
PMC17599_plagiated.xml,PMC37355.xml,0.1502341,0.2527534,0.3050599,0.23266828
PMC17803_plagiated.xml,PMC17803.xml,0.79490805,0.32371414,0.805357,0.7048488479999999
PMC17803_plagiated.xml,PMC32183.xml,0.34107956,0.26583672,0.44091555,0.365965388
PMC17803_plagiated.xml,PMC32163.xml,0.36900878,0.2891026,0.39292854,0.362595448
PMC17803_plagiated.xml,PMC35277.xml,0.27403268,0.37193602,0.35991564,0.327966532
PMC17803_plagiated.xml,PMC34549.xml,0.3240387,0.24550684,0.3403634,0.314862208
PMC25775_plagiated.xml,PMC25775.xml,0.7488947,0.27359843,0.90403,0.715889566
PMC25775_plagiated.xml,PMC35277.xml,0.2943949,0.23356506,0.4810691,0.356898612
PMC25775_plagiated.xml,PMC33392.xml,0.1930005,0.22773978,0.38862208,0.27819698800000003
PMC25775_plagiated.xml,PMC15015.xml,0.098898694,0.17829533,0.4229082,0.24438182360000005
PMC25775_plagiated.xml,PMC31347.xml,0.18058759,0.07843889,0.36489913,0.233882466
PMC28987_plagiated.xml,PMC28987.xml,0.7634077,0.45967364,0.9667384,0.7839931680000001
PMC28987_plagiated.xml,PMC30711.xml,0.18387517,0.17003205,0.23983519,0.20349055400000002
PMC28987_plagiated.xml,PMC29012.xml,0.082633555,0.29412848,0.21366887,0.17734666600000001
PMC28987_plagiated.xml,PMC31333.xml,0.029280558,0.20426983,0.17251766,0.12157325320000001
PMC28987_plagiated.xml,PMC31342.xml,0.02082893,0.1605541,0.16246432,0.10542812000000001
PMC28992_plagiated.xml,PMC28992.xml,0.95897925,0.45227933,0.90162027,0.834695674
PMC28992_plagiated.xml,PMC29012.xml,0.2428569,0.3290609,0.336322,0.29748374
PMC28992_plagiated.xml,PMC37355.xml,0.12258955,0.16300432,0.2182575,0.16893968400000003
PMC28992_plagiated.xml,PMC33394.xml,0.033513892,0.22826776,0.26949576,0.1668574128
PMC28992_plagiated.xml,PMC34114.xml,0.101276666,0.13271372,0.21729243,0.15397038240000002
PMC28994_plagiated.xml,PMC28994.xml,0.984391,0.53725874,0.8667315,0.847900748
PMC28994_plagiated.xml,PMC29012.xml,0.22667219,0.49839512,0.3278215,0.32147650000000005
PMC28994_plagiated.xml,PMC29046.xml,0.3212053,0.33759165,0.28904527,0.311618558
PMC28994_plagiated.xml,PMC29016.xml,0.14644754,0.42894232,0.3600883,0.28840279999999996
PMC28994_plagiated.xml,PMC28987.xml,0.228241,0.17238261,0.14408402,0.18340653
PMC29004_plagiated.xml,PMC29004.xml,0.8618647,0.598673,0.68431,0.73820448
PMC29004_plagiated.xml,PMC32303.xml,0.29705736,0.292542,0.2650297,0.283343224
PMC29004_plagiated.xml,PMC28987.xml,0.29535234,0.19566067,0.052347362,0.1782120148
PMC29004_plagiated.xml,PMC37355.xml,0.11731326,0.21847853,0.18056372,0.162846498
PMC29004_plagiated.xml,PMC31481.xml,0.048561245,0.18825118,0.20159252,0.13771174200000003
PMC29012_plagiated.xml,PMC29012.xml,0.8929436,0.4501065,0.907148,0.8100579400000001
PMC29012_plagiated.xml,PMC30711.xml,0.18045814,0.21607983,0.29892936,0.234970966
PMC29012_plagiated.xml,PMC28987.xml,0.067359574,0.3071887,0.1755203,0.1585896896
PMC29012_plagiated.xml,PMC32183.xml,0.1197343,0.12003553,0.20835726,0.15524373
PMC29012_plagiated.xml,PMC37355.xml,0.14826548,0.13456234,0.10630509,0.12874069600000002
PMC29014_plagiated.xml,PMC29014.xml,0.9492719,0.5924578,0.8624825,0.84319332
PMC29014_plagiated.xml,PMC29012.xml,0.1782498,0.1549493,0.30129945,0.22280956000000002
PMC29014_plagiated.xml,PMC29068.xml,0.18312107,0.14748926,0.2824545,0.21572808000000002
PMC29014_plagiated.xml,PMC32191.xml,0.012643603,0.17785504,0.19906145,0.1202530292
PMC29014_plagiated.xml,PMC37355.xml,0.025120804,0.12741962,0.08970846,0.0714156296
PMC29016_plagiated.xml,PMC29016.xml,0.8486017,0.4814322,0.80819505,0.7590051400000001
PMC29016_plagiated.xml,PMC29012.xml,0.40032956,0.40454656,0.4328397,0.414177016
PMC29016_plagiated.xml,PMC32204.xml,0.18040445,0.22298062,0.19554743,0.194976876
PMC29016_plagiated.xml,PMC32183.xml,0.18903464,0.18740332,0.19468655,0.19096914
PMC29016_plagiated.xml,PMC31342.xml,0.06752493,0.22070086,0.099181056,0.1108225664
PMC29017_plagiated.xml,PMC29017.xml,0.76821184,0.4111308,0.8870636,0.7443363359999999
PMC29017_plagiated.xml,PMC30711.xml,0.2255418,0.3189737,0.34262756,0.291062484
PMC29017_plagiated.xml,PMC34102.xml,0.10345724,0.5247154,0.20966282,0.23019110400000004
PMC29017_plagiated.xml,PMC29012.xml,0.16357294,0.14866686,0.20605405,0.17758416800000001
PMC29017_plagiated.xml,PMC15023.xml,0.08506632,0.17269927,0.18047923,0.140758074
PMC29028_plagiated.xml,PMC29028.xml,0.8239511,0.5325997,0.9254197,0.8062682600000001
PMC29028_plagiated.xml,PMC34605.xml,0.1768093,0.26235992,0.24918991,0.22287166800000002
PMC29028_plagiated.xml,PMC31342.xml,0.24565175,0.16631238,0.21719362,0.21840062400000004
PMC29028_plagiated.xml,PMC37355.xml,0.22458763,0.14371957,0.1931012,0.195819446
PMC29028_plagiated.xml,PMC31481.xml,0.04536491,0.11516908,0.24782054,0.140307996
PMC29030_plagiated.xml,PMC29030.xml,0.8305901,0.4257451,0.9168335,0.78411846
PMC29030_plagiated.xml,PMC34102.xml,0.13529162,0.30766514,0.26308614,0.220884132
PMC29030_plagiated.xml,PMC29031.xml,0.048382238,0.34733385,0.17151749,0.15742666119999998
PMC29030_plagiated.xml,PMC33341.xml,0.05292418,0.17975,0.22301462,0.14632552000000001
PMC29030_plagiated.xml,PMC32247.xml,0.07297361,0.14176443,0.20683703,0.14027714200000002
PMC29031_plagiated.xml,PMC29031.xml,0.93695617,0.5106403,0.872352,0.8258513280000002
PMC29031_plagiated.xml,PMC29012.xml,0.19545498,0.29685265,0.2886247,0.253002402
PMC29031_plagiated.xml,PMC32197.xml,0.20889866,0.09540785,0.23208281,0.195474158
PMC29031_plagiated.xml,PMC13902.xml,0.1555197,0.19145465,0.19092545,0.17686899
PMC29031_plagiated.xml,PMC31342.xml,0.038663227,0.04902102,0.121735275,0.0739636048
PMC29044_plagiated.xml,PMC29044.xml,0.844211,0.4180469,0.8890541,0.7769154200000001
PMC29044_plagiated.xml,PMC32296.xml,0.1932669,0.36987084,0.23845771,0.246664012
PMC29044_plagiated.xml,PMC29016.xml,0.26146778,0.25351194,0.20695376,0.238071004
PMC29044_plagiated.xml,PMC32297.xml,0.121094376,0.28885216,0.22064501,0.19446618640000002
PMC29044_plagiated.xml,PMC37355.xml,0.040708307,0.14579485,0.14127633,0.10195282480000001
PMC29046_plagiated.xml,PMC29046.xml,0.4164595,0.24895003,0.882165,0.569239806
PMC29046_plagiated.xml,PMC34107.xml,0.28808162,0.17866968,0.40183547,0.311700772
PMC29046_plagiated.xml,PMC32247.xml,0.21860215,0.08690136,0.39693657,0.26359576
PMC29046_plagiated.xml,PMC29087.xml,0.2004022,0.10638371,0.29287645,0.218588202
PMC29046_plagiated.xml,PMC34549.xml,0.14485899,0.12729505,0.17247021,0.15239069
PMC29048_plagiated.xml,PMC29048.xml,0.8325747,0.6729875,0.9516033,0.8482687000000001
PMC29048_plagiated.xml,PMC29012.xml,0.09507757,0.33676696,0.21140742,0.18994738800000002
PMC29048_plagiated.xml,PMC17803.xml,0.105308756,0.3099439,0.19911708,0.1837591144
PMC29048_plagiated.xml,PMC37355.xml,0.13811272,0.11959195,0.14786288,0.13830863
PMC29048_plagiated.xml,PMC34549.xml,0.1306776,0.17533126,0.07356639,0.116763848
PMC29057_plagiated.xml,PMC29057.xml,0.82664585,0.5291544,0.88272,0.7895772200000001
PMC29057_plagiated.xml,PMC29088.xml,0.53006554,0.28978404,0.5771774,0.500853984
PMC29057_plagiated.xml,PMC37354.xml,0.3872458,0.49894556,0.49201545,0.45149361200000004
PMC29057_plagiated.xml,PMC34549.xml,0.3202217,0.4267797,0.29495943,0.33142839200000007
PMC29057_plagiated.xml,PMC31347.xml,0.19903219,0.2064431,0.37178218,0.26961436800000005
PMC29058_plagiated.xml,PMC29058.xml,0.88618577,0.5696893,0.88113683,0.8208669
PMC29058_plagiated.xml,PMC29073.xml,0.36853904,0.418607,0.33155155,0.363757636
PMC29058_plagiated.xml,PMC29079.xml,0.22493674,0.1742838,0.48809433,0.32006918800000006
PMC29058_plagiated.xml,PMC35361.xml,0.18926993,0.12669533,0.4180382,0.268262318
PMC29058_plagiated.xml,PMC32247.xml,0.16699222,0.44197512,0.17868373,0.22666540400000001
PMC29059_plagiated.xml,PMC29059.xml,0.92755413,0.30880123,0.88766664,0.787848554
PMC29059_plagiated.xml,PMC32197.xml,0.224056,0.30409104,0.31890336,0.278001952
PMC29059_plagiated.xml,PMC34102.xml,0.19620442,0.31193805,0.28892285,0.25643851800000006
PMC29059_plagiated.xml,PMC31342.xml,0.17908977,0.1896708,0.3533708,0.250918388
PMC29059_plagiated.xml,PMC31348.xml,0.13235341,0.20656756,0.34280726,0.23137778000000003
PMC29061_plagiated.xml,PMC29061.xml,0.8807122,0.14500956,0.91655636,0.747909336
PMC29061_plagiated.xml,PMC17599.xml,0.08302024,0.18020213,0.3891623,0.22491344200000002
PMC29061_plagiated.xml,PMC31918.xml,0.018166287,0.15660901,0.3959725,0.1969773168
PMC29061_plagiated.xml,PMC31411.xml,0.024086619,0.12523645,0.39820844,0.19396531360000002
PMC29061_plagiated.xml,PMC32188.xml,0.03273326,0.1712814,0.3118089,0.172073144
PMC29062_plagiated.xml,PMC29062.xml,0.94758725,0.32363617,0.86801976,0.790970038
PMC29062_plagiated.xml,PMC29080.xml,0.35838848,0.31475982,0.38761932,0.361355084
PMC29062_plagiated.xml,PMC29068.xml,0.2903536,0.23712653,0.27620196,0.27404753
PMC29062_plagiated.xml,PMC32197.xml,0.24946168,0.33386466,0.26620317,0.273038872
PMC29062_plagiated.xml,PMC37355.xml,0.19405806,0.32577407,0.3148942,0.268735718
PMC29063_plagiated.xml,PMC29063.xml,0.92715085,0.60371214,0.8718797,0.840354648
PMC29063_plagiated.xml,PMC35277.xml,0.23092768,0.2612841,0.24853754,0.244042908
PMC29063_plagiated.xml,PMC29096.xml,0.24292368,0.1940575,0.20070267,0.21626204000000002
PMC29063_plagiated.xml,PMC31339.xml,0.16587596,0.29109567,0.19348325,0.201962818
PMC29063_plagiated.xml,PMC17803.xml,0.20251945,0.15678835,0.16124697,0.176864238
PMC29065_plagiated.xml,PMC29065.xml,0.82287574,0.54303527,0.836115,0.7722033500000001
PMC29065_plagiated.xml,PMC32197.xml,0.37285146,0.2875021,0.3757368,0.356935724
PMC29065_plagiated.xml,PMC34520.xml,0.27791616,0.3083191,0.37679803,0.32354949600000005
PMC29065_plagiated.xml,PMC29066.xml,0.29189962,0.19723807,0.3751322,0.3062603420000001
PMC29065_plagiated.xml,PMC29097.xml,0.22499193,0.19633552,0.26499113,0.23526032800000002
PMC29066_plagiated.xml,PMC29066.xml,0.8941953,0.3832304,0.8910084,0.7907275600000001
PMC29066_plagiated.xml,PMC32299.xml,0.38939422,0.32648277,0.40159547,0.38169243
PMC29066_plagiated.xml,PMC29081.xml,0.2875954,0.30189484,0.33592486,0.309787072
PMC29066_plagiated.xml,PMC34110.xml,0.24726838,0.3106646,0.228814,0.252565872
PMC29066_plagiated.xml,PMC29012.xml,0.19056597,0.3139251,0.23448104,0.232803824
PMC29067_plagiated.xml,PMC29067.xml,0.49430948,0.39335516,0.8057126,0.5986798640000001
PMC29067_plagiated.xml,PMC32183.xml,0.18413815,0.12773284,0.45648125,0.28179432800000004
PMC29067_plagiated.xml,PMC32297.xml,0.18949062,0.22058831,0.37174937,0.26861365800000003
PMC29067_plagiated.xml,PMC37314.xml,0.13821018,0.23452888,0.27255583,0.21121218
PMC29067_plagiated.xml,PMC33394.xml,0.112357564,0.21538904,0.2917715,0.2047294336
PMC29068_plagiated.xml,PMC29068.xml,0.7033391,0.48943228,0.7487792,0.6787337760000001
PMC29068_plagiated.xml,PMC29067.xml,0.20430765,0.2836353,0.3197416,0.26634676
PMC29068_plagiated.xml,PMC37355.xml,0.21749356,0.20826992,0.34351003,0.26605542000000004
PMC29068_plagiated.xml,PMC32197.xml,0.23875494,0.22697236,0.22628202,0.231409256
PMC29068_plagiated.xml,PMC29012.xml,0.065129146,0.08213987,0.083665505,0.0759458344
PMC29073_plagiated.xml,PMC29073.xml,0.9034549,0.4439327,0.9387251,0.82565854
PMC29073_plagiated.xml,PMC31411.xml,0.39068395,0.11851155,0.38126308,0.332481122
PMC29073_plagiated.xml,PMC37355.xml,0.23974329,0.08036168,0.36875817,0.25947292
PMC29073_plagiated.xml,PMC32158.xml,0.2645444,0.1591835,0.2961612,0.25611894
PMC29073_plagiated.xml,PMC29096.xml,0.30372548,0.11481866,0.26268828,0.24952923600000002
PMC29077_plagiated.xml,PMC29077.xml,0.9178937,0.49832347,0.7990203,0.7864302940000001
PMC29077_plagiated.xml,PMC35279.xml,0.37573895,0.41790316,0.38896322,0.3894615
PMC29077_plagiated.xml,PMC34549.xml,0.37175837,0.38660175,0.4002255,0.38611389800000007
PMC29077_plagiated.xml,PMC29067.xml,0.34101528,0.33266008,0.35975954,0.346841944
PMC29077_plagiated.xml,PMC32296.xml,0.31894362,0.37392265,0.3438204,0.339890138
PMC29079_plagiated.xml,PMC29079.xml,0.8794197,0.51755166,0.8551864,0.797352772
PMC29079_plagiated.xml,PMC35352.xml,0.45949498,0.2563656,0.4615513,0.41969163200000004
PMC29079_plagiated.xml,PMC31339.xml,0.36684555,0.2565941,0.3917822,0.35476992000000007
PMC29079_plagiated.xml,PMC32299.xml,0.17211773,0.3021233,0.38806838,0.284499104
PMC29079_plagiated.xml,PMC32183.xml,0.16646773,0.33672208,0.35130677,0.274454216
PMC29080_plagiated.xml,PMC29080.xml,0.87560534,0.18593188,0.9286468,0.7588872320000001
PMC29080_plagiated.xml,PMC34549.xml,0.2230871,0.43879747,0.4757307,0.36728661400000007
PMC29080_plagiated.xml,PMC15023.xml,0.2362198,0.37755272,0.44421047,0.34768265200000004
PMC29080_plagiated.xml,PMC16139.xml,0.3610015,0.20517713,0.30465353,0.307297438
PMC29080_plagiated.xml,PMC29096.xml,0.2140478,0.11571519,0.27833888,0.22009771
PMC29081_plagiated.xml,PMC29081.xml,0.9320948,0.7108255,0.8704183,0.8631703400000001
PMC29081_plagiated.xml,PMC34520.xml,0.3452554,0.23023084,0.3448357,0.322082608
PMC29081_plagiated.xml,PMC34549.xml,0.30605727,0.1712926,0.25559258,0.25891846
PMC29081_plagiated.xml,PMC13902.xml,0.1675007,0.08436728,0.34282672,0.221004424
PMC29081_plagiated.xml,PMC32304.xml,0.121975,0.08841075,0.29243666,0.183446814
PMC29083_plagiated.xml,PMC34549.xml,0.42045742,0.43852484,0.350669,0.3961555360000001
PMC29083_plagiated.xml,PMC29079.xml,0.0826128,0.5048594,0.344846,0.27195539999999996
PMC29083_plagiated.xml,PMC29092.xml,0.22234705,0.29192752,0.31140143,0.271884896
PMC29083_plagiated.xml,PMC32299.xml,0.21911041,0.36993432,0.25560176,0.263871732
PMC29083_plagiated.xml,PMC17599.xml,0.31642947,0.21245101,0.20566258,0.251327022
PMC29085_plagiated.xml,PMC29085.xml,0.93401337,0.533072,0.9211656,0.8486859880000001
PMC29085_plagiated.xml,PMC32188.xml,0.3113984,0.4039679,0.41397855,0.37094436000000003
PMC29085_plagiated.xml,PMC34549.xml,0.3968879,0.34877804,0.2570984,0.331350128
PMC29085_plagiated.xml,PMC35278.xml,0.22206771,0.29236853,0.31863624,0.274755286
PMC29085_plagiated.xml,PMC31411.xml,0.18800288,0.26540846,0.2811725,0.240751844
PMC29086_plagiated.xml,PMC33392.xml,0.29840994,0.2991623,0.44451803,0.35700364800000006
PMC29086_plagiated.xml,PMC34549.xml,0.27547714,0.2802611,0.42618996,0.33671905999999996
PMC29086_plagiated.xml,PMC30712.xml,0.26013702,0.29287666,0.37046343,0.310815512
PMC29086_plagiated.xml,PMC30707.xml,0.23952238,0.21568081,0.3211514,0.26740567400000004
PMC29086_plagiated.xml,PMC17599.xml,0.20599568,0.36974227,0.23547587,0.250537074
PMC29087_plagiated.xml,PMC29087.xml,0.8652892,0.5184045,0.78589344,0.7641539560000001
PMC29087_plagiated.xml,PMC31342.xml,0.0971808,0.21547237,0.27259827,0.191006102
PMC29087_plagiated.xml,PMC34102.xml,0.08161359,0.35705882,0.14236178,0.161001912
PMC29087_plagiated.xml,PMC37355.xml,0.047053378,0.13154076,0.27892026,0.1566976072
PMC29087_plagiated.xml,PMC29068.xml,0.10722901,0.14041947,0.16918057,0.138647726
PMC29088_plagiated.xml,PMC29088.xml,0.81645066,0.6112471,0.80878377,0.772343192
PMC29088_plagiated.xml,PMC29057.xml,0.64974016,0.4566559,0.56740856,0.5781906680000001
PMC29088_plagiated.xml,PMC25775.xml,0.43883085,0.37740007,0.48023647,0.443106942
PMC29088_plagiated.xml,PMC37354.xml,0.4128458,0.39160454,0.4833836,0.43681266800000007
PMC29088_plagiated.xml,PMC31347.xml,0.21134473,0.21658763,0.31500217,0.253856286
PMC29089_plagiated.xml,PMC29089.xml,0.96803963,0.42927137,0.90408945,0.834705906
PMC29089_plagiated.xml,PMC29092.xml,0.25009102,0.37004173,0.36766902,0.32111236200000004
PMC29089_plagiated.xml,PMC34549.xml,0.32889438,0.272265,0.30780378,0.30913226400000005
PMC29089_plagiated.xml,PMC29079.xml,0.11966239,0.30491373,0.42906463,0.280473554
PMC29089_plagiated.xml,PMC35277.xml,0.18279754,0.42761266,0.2865785,0.273272948
PMC29092_plagiated.xml,PMC29092.xml,0.89705837,0.3411488,0.73150766,0.7196561720000001
PMC29092_plagiated.xml,PMC32189.xml,0.45530775,0.4000012,0.24845651,0.361505944
PMC29092_plagiated.xml,PMC37354.xml,0.35721684,0.30819452,0.3003291,0.32465728000000005
PMC29092_plagiated.xml,PMC29079.xml,0.1803646,0.47726315,0.32054847,0.295817858
PMC29092_plagiated.xml,PMC34549.xml,0.15873069,0.3599385,0.21715932,0.222343704
PMC29094_plagiated.xml,PMC29094.xml,0.8194108,0.5642829,0.8435918,0.77805762
PMC29094_plagiated.xml,PMC32197.xml,0.21240288,0.2372981,0.33894208,0.26799760400000006
PMC29094_plagiated.xml,PMC32304.xml,0.122510605,0.2943425,0.39002764,0.263883798
PMC29094_plagiated.xml,PMC33394.xml,0.06940023,0.14157109,0.41308168,0.22130698200000004
PMC29094_plagiated.xml,PMC29012.xml,0.17056671,0.22793011,0.25911593,0.21745907800000003
PMC29096_plagiated.xml,PMC29096.xml,0.83616674,0.53122365,0.83911157,0.7763560540000001
PMC29096_plagiated.xml,PMC29101.xml,0.28066462,0.39052486,0.18037194,0.262519596
PMC29096_plagiated.xml,PMC29067.xml,0.2737691,0.21623589,0.231563,0.24538001800000003
PMC29096_plagiated.xml,PMC32180.xml,0.36303055,0.11362369,0.1754994,0.238136718
PMC29096_plagiated.xml,PMC35352.xml,0.23821399,0.18734255,0.17939782,0.20451323400000002
PMC29097_plagiated.xml,PMC29097.xml,0.8875313,0.4550105,0.8076563,0.76907714
PMC29097_plagiated.xml,PMC29073.xml,0.56692946,0.48557317,0.43404317,0.497503686
PMC29097_plagiated.xml,PMC32247.xml,0.19138792,0.3414518,0.39327198,0.30215432000000003
PMC29097_plagiated.xml,PMC32188.xml,0.16850044,0.47524768,0.33858794,0.297884888
PMC29097_plagiated.xml,PMC29012.xml,0.07783513,0.21202584,0.29431498,0.19126521200000002
PMC29098_plagiated.xml,PMC29098.xml,0.913571,0.59207374,0.9330298,0.8570550680000001
PMC29098_plagiated.xml,PMC34110.xml,0.39932066,0.32338113,0.21056291,0.30862965400000003
PMC29098_plagiated.xml,PMC32199.xml,0.14296132,0.18575579,0.20641838,0.176903038
PMC29098_plagiated.xml,PMC29080.xml,0.13740838,0.17480677,0.17093815,0.15829996600000001
PMC29098_plagiated.xml,PMC32191.xml,0.08517773,0.08722772,0.20061904,0.131764252
PMC29101_plagiated.xml,PMC29101.xml,0.9138691,0.35628155,0.877311,0.7877283500000001
PMC29101_plagiated.xml,PMC32183.xml,0.2062704,0.2594915,0.3386644,0.26987222
PMC29101_plagiated.xml,PMC29080.xml,0.20940731,0.1545527,0.38230386,0.267595008
PMC29101_plagiated.xml,PMC32197.xml,0.16661479,0.30833834,0.18654636,0.202932128
PMC29101_plagiated.xml,PMC32299.xml,0.12090904,0.16038711,0.28115624,0.192903534
PMC30704_plagiated.xml,PMC34110.xml,0.45883575,0.5905547,0.41211537,0.466491388
PMC30704_plagiated.xml,PMC13901.xml,0.44595265,0.47272596,0.27252144,0.381934828
PMC30704_plagiated.xml,PMC17803.xml,0.37513512,0.12730458,0.3411458,0.311973284
PMC30704_plagiated.xml,PMC34549.xml,0.36103612,0.1436511,0.30452162,0.294953316
PMC30704_plagiated.xml,PMC15023.xml,0.26784718,0.21002734,0.27653596,0.259758724
PMC30706_plagiated.xml,PMC30706.xml,0.9229321,0.31391013,0.94563484,0.810208802
PMC30706_plagiated.xml,PMC33392.xml,0.3970591,0.39552456,0.32660046,0.368568736
PMC30706_plagiated.xml,PMC32189.xml,0.2474802,0.34024924,0.42400333,0.33664326
PMC30706_plagiated.xml,PMC35277.xml,0.17386267,0.40002865,0.3751399,0.29960675800000003
PMC30706_plagiated.xml,PMC32299.xml,0.23730333,0.31526846,0.3166996,0.28465486400000006
PMC30707_plagiated.xml,PMC30707.xml,0.93032974,0.4133942,0.88522273,0.8088998279999999
PMC30707_plagiated.xml,PMC15023.xml,0.4531592,0.50742334,0.5114317,0.4873210280000001
PMC30707_plagiated.xml,PMC31411.xml,0.31240022,0.24573353,0.5137074,0.37958975400000006
PMC30707_plagiated.xml,PMC32188.xml,0.26770547,0.3496263,0.4334552,0.350389528
PMC30707_plagiated.xml,PMC17803.xml,0.32447731,0.2628798,0.3627247,0.327456764
PMC30708_plagiated.xml,PMC30708.xml,0.8655164,0.57057506,0.81326044,0.785625748
PMC30708_plagiated.xml,PMC37355.xml,0.30066124,0.31765664,0.425247,0.353894624
PMC30708_plagiated.xml,PMC29092.xml,0.3929754,0.22038768,0.3501444,0.34132545599999997
PMC30708_plagiated.xml,PMC32183.xml,0.26202273,0.31475386,0.35357252,0.309188872
PMC30708_plagiated.xml,PMC31481.xml,0.268632,0.17041773,0.39207152,0.298364954
PMC30711_plagiated.xml,PMC30711.xml,0.56446713,0.56516254,0.908049,0.7020389600000001
PMC30711_plagiated.xml,PMC37313.xml,0.19703917,0.28050435,0.32147264,0.263505594
PMC30711_plagiated.xml,PMC32304.xml,0.25303012,0.2866448,0.2309888,0.250936528
PMC30711_plagiated.xml,PMC33341.xml,0.22107424,0.21065745,0.22837165,0.22190984600000002
PMC30711_plagiated.xml,PMC32247.xml,-0.0034975335,0.21487716,0.35346046,0.1829606026
PMC30712_plagiated.xml,PMC30712.xml,0.92567176,0.43765348,0.914983,0.8237926
PMC30712_plagiated.xml,PMC16139.xml,0.4168225,0.4271543,0.3485836,0.39159330000000003
PMC30712_plagiated.xml,PMC32313.xml,0.22940654,0.4079986,0.39742374,0.33233183200000005
PMC30712_plagiated.xml,PMC32183.xml,0.24732648,0.31915224,0.32272553,0.291851252
PMC30712_plagiated.xml,PMC34549.xml,0.30992368,0.3048939,0.20737883,0.26789978400000003
PMC30714_plagiated.xml,PMC30711.xml,0.33030963,0.21410394,0.49734575,0.37388294
PMC30714_plagiated.xml,PMC29066.xml,0.1869179,0.16723216,0.4446653,0.28607971200000004
PMC30714_plagiated.xml,PMC34102.xml,0.13676937,0.34949577,0.38557363,0.278836354
PMC30714_plagiated.xml,PMC29012.xml,0.22136484,0.21103401,0.2865162,0.24535921800000002
PMC30714_plagiated.xml,PMC31342.xml,0.06162912,0.24005094,0.20047773,0.152852928
PMC30715_plagiated.xml,PMC30715.xml,0.8200749,0.42892995,0.9012746,0.77432579
PMC30715_plagiated.xml,PMC29004.xml,0.15269662,0.29530662,0.31967044,0.248008148
PMC30715_plagiated.xml,PMC28987.xml,0.22556993,0.12249499,0.17643796,0.185302154
PMC30715_plagiated.xml,PMC34114.xml,0.11721194,0.15481108,0.2594313,0.18161951199999998
PMC30715_plagiated.xml,PMC29030.xml,-0.011710201,0.3437119,0.075991124,0.09445474920000001
PMC31330_plagiated.xml,PMC31330.xml,0.8614151,0.2329725,0.90249896,0.752160124
PMC31330_plagiated.xml,PMC32197.xml,0.30115977,0.14966352,0.3781226,0.30164565200000004
PMC31330_plagiated.xml,PMC33394.xml,0.21138592,0.31735915,0.32530212,0.27814704599999995
PMC31330_plagiated.xml,PMC32158.xml,0.19982038,0.18571681,0.29848725,0.236466414
PMC31330_plagiated.xml,PMC37351.xml,0.2143724,0.20082343,0.27257696,0.23494442999999998
PMC31332_plagiated.xml,PMC31332.xml,0.89007425,0.17439803,0.58932304,0.626638522
PMC31332_plagiated.xml,PMC32313.xml,0.33019584,0.2742212,0.44476733,0.364829508
PMC31332_plagiated.xml,PMC37314.xml,0.34095615,0.33740985,0.33177397,0.336574018
PMC31332_plagiated.xml,PMC32182.xml,0.29176307,0.28493863,0.37724054,0.32458917000000004
PMC31332_plagiated.xml,PMC31370.xml,0.2480524,0.21229061,0.44302768,0.318890154
PMC31333_plagiated.xml,PMC31333.xml,0.8649899,0.5341674,0.8984293,0.81220116
PMC31333_plagiated.xml,PMC30708.xml,0.21677208,0.23528269,0.30142534,0.254335506
PMC31333_plagiated.xml,PMC37355.xml,0.26023808,0.29623914,0.1744056,0.2331053
PMC31333_plagiated.xml,PMC31481.xml,0.112493195,0.2886011,0.30654103,0.22533391000000003
PMC31333_plagiated.xml,PMC32183.xml,0.18881668,0.14575297,0.25463265,0.20653032600000001
PMC31334_plagiated.xml,PMC31334.xml,0.8466862,0.5916712,0.8798193,0.8089364400000001
PMC31334_plagiated.xml,PMC32313.xml,0.3694929,0.29845658,0.41495353,0.373469888
PMC31334_plagiated.xml,PMC31332.xml,0.33061057,0.21205442,0.36005095,0.318675492
PMC31334_plagiated.xml,PMC34514.xml,0.22052561,0.29462588,0.3162988,0.27365494
PMC31334_plagiated.xml,PMC32182.xml,0.28798208,0.24382848,0.20269394,0.24503610399999998
PMC31335_plagiated.xml,PMC31335.xml,0.81785786,0.6454428,0.84095764,0.79261476
PMC31335_plagiated.xml,PMC32299.xml,0.26282412,0.40091628,0.36631685,0.331839644
PMC31335_plagiated.xml,PMC31339.xml,0.29637653,0.30378795,0.32244873,0.308287694
PMC31335_plagiated.xml,PMC34549.xml,0.2478491,0.45021117,0.26617593,0.295652246
PMC31335_plagiated.xml,PMC31370.xml,0.3001529,0.33342323,0.21122536,0.27123595
PMC31336_plagiated.xml,PMC31336.xml,0.8784528,0.30197203,0.8895544,0.767597286
PMC31336_plagiated.xml,PMC32197.xml,0.30279285,0.2051364,0.3589481,0.30572366
PMC31336_plagiated.xml,PMC32299.xml,0.24728772,0.24651334,0.37663424,0.298871452
PMC31336_plagiated.xml,PMC33392.xml,0.21079952,0.24514256,0.3669199,0.28011628
PMC31336_plagiated.xml,PMC34549.xml,0.26881862,0.25726786,0.29999977,0.278980928
PMC31337_plagiated.xml,PMC31337.xml,0.94953847,0.320918,0.8482046,0.7832808280000001
PMC31337_plagiated.xml,PMC32299.xml,0.22731538,0.21278816,0.40849608,0.29688221600000003
PMC31337_plagiated.xml,PMC37355.xml,0.16671146,0.19425893,0.2927717,0.22264505
PMC31337_plagiated.xml,PMC29012.xml,0.18590596,0.1293185,0.21118894,0.18470166
PMC31337_plagiated.xml,PMC32191.xml,0.053109497,0.06742044,0.2738424,0.1442648468
PMC31338_plagiated.xml,PMC31338.xml,0.8676082,0.49077913,0.63840246,0.7005600900000001
PMC31338_plagiated.xml,PMC29062.xml,0.3161189,0.28144607,0.26835555,0.290078994
PMC31338_plagiated.xml,PMC34520.xml,0.17863199,0.19544181,0.30426264,0.232246214
PMC31338_plagiated.xml,PMC35277.xml,0.12185535,0.1810099,0.3190843,0.21257784000000002
PMC31338_plagiated.xml,PMC29096.xml,0.2037602,0.23662487,0.1824376,0.201804094
PMC31339_plagiated.xml,PMC31339.xml,0.84951824,0.5164428,0.83289766,0.77625492
PMC31339_plagiated.xml,PMC32183.xml,0.37016672,0.23938484,0.41594654,0.362322272
PMC31339_plagiated.xml,PMC13901.xml,0.33524713,0.17084022,0.36009836,0.31230624000000007
PMC31339_plagiated.xml,PMC35283.xml,0.38147014,0.11577353,0.32627007,0.30625079000000005
PMC31339_plagiated.xml,PMC31334.xml,0.22629112,0.25904495,0.29952756,0.26213646200000007
PMC31341_plagiated.xml,PMC31341.xml,0.8786097,0.46868432,0.8752011,0.7952611840000001
PMC31341_plagiated.xml,PMC35279.xml,0.3234772,0.24567403,0.47621465,0.369011546
PMC31341_plagiated.xml,PMC32183.xml,0.26031607,0.44819796,0.43542603,0.36793643200000004
PMC31341_plagiated.xml,PMC29080.xml,0.31866515,0.23622394,0.43023002,0.34680285600000005
PMC31341_plagiated.xml,PMC29073.xml,0.24079683,0.24180184,0.33259794,0.277718276
PMC31342_plagiated.xml,PMC31342.xml,0.9208189,0.5452055,0.9167135,0.8440540599999999
PMC31342_plagiated.xml,PMC34549.xml,0.11487782,0.18325958,0.37420008,0.232283076
PMC31342_plagiated.xml,PMC37355.xml,0.23830798,0.1744489,0.21391343,0.215778344
PMC31342_plagiated.xml,PMC31481.xml,0.1780698,0.17566532,0.22456494,0.19618696000000002
PMC31342_plagiated.xml,PMC28987.xml,0.07628797,0.26213694,0.14515069,0.14100285199999998
PMC31344_plagiated.xml,PMC32183.xml,0.19241613,0.29653263,0.36453894,0.282088554
PMC31344_plagiated.xml,PMC31370.xml,0.24575973,0.2484804,0.26558885,0.254235512
PMC31344_plagiated.xml,PMC32299.xml,0.13994427,0.36855137,0.30342454,0.25105779800000005
PMC31344_plagiated.xml,PMC28987.xml,0.11307209,0.29618186,0.17028788,0.17258036
PMC31344_plagiated.xml,PMC29012.xml,0.118698105,0.20435144,0.19501767,0.16635659800000002
PMC31347_plagiated.xml,PMC31347.xml,0.85510993,0.61321366,0.85396934,0.80627444
PMC31347_plagiated.xml,PMC37354.xml,0.31304598,0.31061035,0.58658266,0.42197352600000004
PMC31347_plagiated.xml,PMC35361.xml,0.29394564,0.3331618,0.4782658,0.375516936
PMC31347_plagiated.xml,PMC31330.xml,0.21636795,0.3811074,0.4533624,0.34411362
PMC31347_plagiated.xml,PMC34549.xml,0.15540168,0.4243527,0.46185064,0.331771468
PMC31348_plagiated.xml,PMC31348.xml,0.9551276,0.45873746,0.87034166,0.8219351960000001
PMC31348_plagiated.xml,PMC35277.xml,0.21399401,0.19739428,0.36860767,0.272519528
PMC31348_plagiated.xml,PMC33820.xml,0.17029065,0.26149654,0.35272908,0.2615072
PMC31348_plagiated.xml,PMC28987.xml,0.09824164,0.23898193,0.22643878,0.17766855400000003
PMC31348_plagiated.xml,PMC29101.xml,-0.03807157,0.19046278,0.22780518,0.113986
PMC31349_plagiated.xml,PMC31349.xml,0.9498073,0.3763965,0.8981119,0.81444698
PMC31349_plagiated.xml,PMC35283.xml,0.32267684,0.31645387,0.3187456,0.31985975
PMC31349_plagiated.xml,PMC32180.xml,0.26863617,0.34457752,0.33655775,0.31099307200000004
PMC31349_plagiated.xml,PMC31339.xml,0.29114372,0.15146178,0.3621079,0.291593004
PMC31349_plagiated.xml,PMC35352.xml,0.3114351,0.13034195,0.33973226,0.28653533400000003
PMC31370_plagiated.xml,PMC31370.xml,0.83143634,0.27012494,0.9004256,0.7467697640000001
PMC31370_plagiated.xml,PMC13901.xml,0.26975572,0.51665366,0.33885562,0.346775268
PMC31370_plagiated.xml,PMC32183.xml,0.28010142,0.29961443,0.3745756,0.321793694
PMC31370_plagiated.xml,PMC32299.xml,0.2525072,0.21421418,0.3465131,0.28245095600000003
PMC31370_plagiated.xml,PMC32304.xml,0.10137865,0.5390524,0.28097296,0.260751124
PMC31411_plagiated.xml,PMC31411.xml,0.7563406,0.40307954,0.9122251,0.7480421880000001
PMC31411_plagiated.xml,PMC33392.xml,0.31299424,0.3364366,0.29817092,0.311753384
PMC31411_plagiated.xml,PMC30706.xml,0.23558763,0.25907913,0.41346875,0.311438378
PMC31411_plagiated.xml,PMC34549.xml,0.28851134,0.3308097,0.3013375,0.30210147600000004
PMC31411_plagiated.xml,PMC32183.xml,0.16503644,0.17637342,0.35355508,0.24271129200000002
PMC31431_plagiated.xml,PMC31431.xml,0.9054462,0.3904485,0.90449756,0.8020672040000001
PMC31431_plagiated.xml,PMC13902.xml,0.19104348,0.3015179,0.3471833,0.27559429199999996
PMC31431_plagiated.xml,PMC35354.xml,0.13347599,0.40269962,0.34877515,0.27344038
PMC31431_plagiated.xml,PMC32197.xml,0.2531858,0.15998057,0.3276,0.26431043400000004
PMC31431_plagiated.xml,PMC29044.xml,0.12475854,0.22563273,0.22822368,0.186319434
PMC31433_plagiated.xml,PMC31433.xml,0.93664813,0.32005876,0.85110164,0.7791116600000001
PMC31433_plagiated.xml,PMC32183.xml,0.21645527,0.19745749,0.35481113,0.267998058
PMC31433_plagiated.xml,PMC29081.xml,0.24393481,0.1494329,0.33111855,0.259907924
PMC31433_plagiated.xml,PMC29097.xml,0.167911,0.34427404,0.26543605,0.242193628
PMC31433_plagiated.xml,PMC37314.xml,0.15711512,0.25194782,0.26293555,0.21840983200000003
PMC31479_plagiated.xml,PMC31479.xml,0.91700125,0.56002927,0.8088137,0.8023318340000001
PMC31479_plagiated.xml,PMC35285.xml,0.33074683,0.22640994,0.4391042,0.35322240000000005
PMC31479_plagiated.xml,PMC29092.xml,0.33967075,0.33683747,0.35444343,0.34501316600000004
PMC31479_plagiated.xml,PMC34514.xml,0.26049405,0.29761398,0.31856462,0.291146264
PMC31479_plagiated.xml,PMC33392.xml,0.28142795,0.1291334,0.32569253,0.26867487199999995
PMC31481_plagiated.xml,PMC31481.xml,0.942722,0.45610952,0.8169864,0.795105264
PMC31481_plagiated.xml,PMC35267.xml,0.26249668,0.14097835,0.4616443,0.31785206200000005
PMC31481_plagiated.xml,PMC37355.xml,0.062151864,0.29601672,0.30803293,0.20727726159999998
PMC31481_plagiated.xml,PMC32191.xml,0.08544648,0.09374329,0.269252,0.16062805
PMC31481_plagiated.xml,PMC29012.xml,0.07843365,0.14902383,0.18070774,0.133461322
PMC31482_plagiated.xml,PMC31482.xml,0.910802,0.40596136,0.8184634,0.7728984320000001
PMC31482_plagiated.xml,PMC31342.xml,0.27830577,0.2396088,0.32480335,0.289165408
PMC31482_plagiated.xml,PMC37355.xml,0.1538018,0.43097308,0.31955326,0.27553664
PMC31482_plagiated.xml,PMC31481.xml,0.17118528,0.19156907,0.28162447,0.219437714
PMC31482_plagiated.xml,PMC29012.xml,0.1367082,0.12864104,0.22579074,0.170727784
PMC31580_plagiated.xml,PMC31580.xml,0.8847032,0.48667702,0.8350686,0.7852441240000001
PMC31580_plagiated.xml,PMC32299.xml,0.2088509,0.40048325,0.18161802,0.23628421800000005
PMC31580_plagiated.xml,PMC32313.xml,0.19548401,0.15825397,0.26403585,0.21545873800000004
PMC31580_plagiated.xml,PMC32297.xml,0.19375764,0.25473624,0.1566664,0.19111686400000003
PMC31580_plagiated.xml,PMC31342.xml,0.1010658,0.22471552,0.13003136,0.13738196800000002
PMC31918_plagiated.xml,PMC35278.xml,0.36967242,0.26960087,0.4920501,0.39860918200000006
PMC31918_plagiated.xml,PMC32188.xml,0.24320608,0.33878568,0.3778754,0.316189728
PMC31918_plagiated.xml,PMC34520.xml,0.25732967,0.19703862,0.40584022,0.30467568
PMC31918_plagiated.xml,PMC29092.xml,0.2649784,0.25131786,0.3503543,0.296396652
PMC31918_plagiated.xml,PMC31411.xml,0.16287404,0.26730114,0.36578283,0.26492297600000003
PMC31925_plagiated.xml,PMC31925.xml,0.8646415,0.45987839,0.93879163,0.8133489300000001
PMC31925_plagiated.xml,PMC32299.xml,0.28592327,0.35228747,0.44854575,0.36424510200000004
PMC31925_plagiated.xml,PMC32197.xml,0.27122065,0.32414156,0.45284867,0.35445604000000003
PMC31925_plagiated.xml,PMC31330.xml,0.23370817,0.2921696,0.3665995,0.298556988
PMC31925_plagiated.xml,PMC35361.xml,0.17682761,0.26928484,0.33521682,0.25867474
PMC32158_plagiated.xml,PMC32158.xml,0.8731972,0.45399398,0.8550279,0.782088836
PMC32158_plagiated.xml,PMC32183.xml,0.26842484,0.27845755,0.32617927,0.293533154
PMC32158_plagiated.xml,PMC29092.xml,0.24158512,0.18702951,0.3190519,0.26166071
PMC32158_plagiated.xml,PMC32299.xml,0.20284672,0.19315547,0.2855118,0.23397450200000003
PMC32158_plagiated.xml,PMC31481.xml,0.07531965,0.13692579,0.2562181,0.160000258
PMC32163_plagiated.xml,PMC32163.xml,0.8537713,0.60467446,0.91055554,0.8266656280000001
PMC32163_plagiated.xml,PMC17803.xml,0.3624689,0.35543877,0.31364256,0.341532338
PMC32163_plagiated.xml,PMC35277.xml,0.23278892,0.4230516,0.35421473,0.31941178000000003
PMC32163_plagiated.xml,PMC34549.xml,0.36015663,0.2632609,0.2667172,0.303401712
PMC32163_plagiated.xml,PMC32188.xml,0.14627445,0.19908777,0.4156451,0.26458537400000004
PMC32169_plagiated.xml,PMC32169.xml,0.66774833,0.22640005,0.81613964,0.638835198
PMC32169_plagiated.xml,PMC13901.xml,0.20005931,0.47365126,0.3329994,0.30795373600000003
PMC32169_plagiated.xml,PMC33820.xml,0.36220935,0.14928891,0.2779311,0.285913962
PMC32169_plagiated.xml,PMC29096.xml,0.29947466,0.2524526,0.27128702,0.278795192
PMC32169_plagiated.xml,PMC32247.xml,-0.0049441718,0.24426344,0.22389698,0.13643381128
PMC32170_plagiated.xml,PMC32170.xml,0.94502974,0.5898373,0.7990058,0.8155816760000001
PMC32170_plagiated.xml,PMC37354.xml,0.288781,0.34757757,0.45549053,0.36722412600000004
PMC32170_plagiated.xml,PMC29057.xml,0.28822732,0.19232078,0.44372848,0.331246476
PMC32170_plagiated.xml,PMC29088.xml,0.27927333,0.17200743,0.42602238,0.31651977
PMC32170_plagiated.xml,PMC34113.xml,0.343924,0.106145926,0.22020794,0.2468819612
PMC32172_plagiated.xml,PMC32172.xml,0.7617039,0.57826126,0.8703362,0.7684682920000001
PMC32172_plagiated.xml,PMC30711.xml,0.15138021,0.28105217,0.38359022,0.270198606
PMC32172_plagiated.xml,PMC29016.xml,0.06613807,0.27938938,0.20230517,0.163255172
PMC32172_plagiated.xml,PMC13902.xml,0.09965213,0.13131589,0.20724839,0.149023386
PMC32172_plagiated.xml,PMC29096.xml,0.11736974,0.14829174,0.17838268,0.147959316
PMC32173_plagiated.xml,PMC32173.xml,0.9111029,0.752596,0.76410574,0.8206026560000002
PMC32173_plagiated.xml,PMC32169.xml,0.22775571,0.2847688,0.2835612,0.261480524
PMC32173_plagiated.xml,PMC13902.xml,0.15551804,0.2873348,0.2764292,0.23024585600000003
PMC32173_plagiated.xml,PMC37356.xml,0.19730811,0.17972898,0.25465673,0.216731732
PMC32173_plagiated.xml,PMC37355.xml,0.21730658,0.1969881,0.19544995,0.204500232
PMC32174_plagiated.xml,PMC32174.xml,0.90671337,0.52901655,0.8397856,0.8044028980000001
PMC32174_plagiated.xml,PMC29004.xml,0.34261936,0.2989416,0.32673883,0.32753159600000004
PMC32174_plagiated.xml,PMC29012.xml,0.2680853,0.19638821,0.33535337,0.28065311000000004
PMC32174_plagiated.xml,PMC28987.xml,0.1567676,0.10527605,0.23504281,0.17777937400000002
PMC32174_plagiated.xml,PMC37355.xml,0.09695235,0.11164123,0.21696837,0.14789653400000002
PMC32180_plagiated.xml,PMC32180.xml,0.88238513,0.20673256,0.66331124,0.65962506
PMC32180_plagiated.xml,PMC35352.xml,0.34655416,0.23398784,0.20936218,0.269164104
PMC32180_plagiated.xml,PMC32299.xml,0.2369385,0.18182135,0.27902773,0.242750762
PMC32180_plagiated.xml,PMC29080.xml,0.16868633,0.24290083,0.2911759,0.232525058
PMC32180_plagiated.xml,PMC13901.xml,0.18155819,0.20090985,0.19023019,0.188897322
PMC32181_plagiated.xml,PMC32313.xml,0.4128554,0.38361573,0.55855674,0.465288002
PMC32181_plagiated.xml,PMC31339.xml,0.33452773,0.18082848,0.4769896,0.36077262800000004
PMC32181_plagiated.xml,PMC33341.xml,0.41386655,0.12906091,0.36749738,0.338357754
PMC32181_plagiated.xml,PMC13901.xml,0.26423553,0.21112712,0.4131514,0.313180196
PMC32181_plagiated.xml,PMC32299.xml,0.3045553,0.2218467,0.3535751,0.3076215
PMC32182_plagiated.xml,PMC32182.xml,0.82236135,0.55309004,0.7866874,0.7542375080000001
PMC32182_plagiated.xml,PMC31370.xml,0.32291397,0.46114987,0.39193672,0.37817025000000004
PMC32182_plagiated.xml,PMC37314.xml,0.3332096,0.31297407,0.28255385,0.308900194
PMC32182_plagiated.xml,PMC32299.xml,0.23080084,0.3836257,0.13409668,0.22268414800000003
PMC32182_plagiated.xml,PMC34549.xml,0.067430645,0.3336908,0.19457945,0.171542198
PMC32183_plagiated.xml,PMC32183.xml,0.94054455,0.48283702,0.90011597,0.8328316120000001
PMC32183_plagiated.xml,PMC32197.xml,0.2965947,0.35529998,0.38503686,0.34371262
PMC32183_plagiated.xml,PMC33394.xml,0.14996794,0.33102447,0.41154802,0.290811278
PMC32183_plagiated.xml,PMC37355.xml,0.13330033,0.2854676,0.39026007,0.26651768
PMC32183_plagiated.xml,PMC32297.xml,0.16466889,0.34627345,0.24358177,0.232554954
PMC32187_plagiated.xml,PMC32187.xml,0.8979316,0.41510016,0.76958346,0.750026056
PMC32187_plagiated.xml,PMC31482.xml,0.36030135,0.49345276,0.4225427,0.411828172
PMC32187_plagiated.xml,PMC15023.xml,0.32620558,0.4133236,0.47594547,0.40352514
PMC32187_plagiated.xml,PMC31347.xml,0.2498748,0.50920755,0.3330391,0.33500706999999996
PMC32187_plagiated.xml,PMC31411.xml,0.29083416,0.24657331,0.39960858,0.325491758
PMC32188_plagiated.xml,PMC32188.xml,0.9846796,0.23988044,0.91450346,0.8076493120000001
PMC32188_plagiated.xml,PMC31411.xml,0.25195283,0.26759535,0.49119183,0.350776934
PMC32188_plagiated.xml,PMC34549.xml,0.25933492,0.3678522,0.31418288,0.30297756000000003
PMC32188_plagiated.xml,PMC37355.xml,0.1797117,0.19587925,0.27329618,0.22037900200000002
PMC32188_plagiated.xml,PMC29092.xml,0.063419394,0.09811977,0.3065412,0.1676081916
PMC32189_plagiated.xml,PMC32189.xml,0.8421092,0.25980166,0.7907275,0.7050950120000001
PMC32189_plagiated.xml,PMC15024.xml,0.47902372,0.60570014,0.4704914,0.500946076
PMC32189_plagiated.xml,PMC34549.xml,0.23549095,0.18322514,0.4623527,0.31578248800000003
PMC32189_plagiated.xml,PMC33392.xml,0.2805115,0.13026066,0.438811,0.313781132
PMC32189_plagiated.xml,PMC30712.xml,0.22801264,0.24969473,0.3480918,0.280380722
PMC32191_plagiated.xml,PMC32191.xml,0.854322,0.5221617,0.86501163,0.792165792
PMC32191_plagiated.xml,PMC32303.xml,0.23154208,0.3451628,0.25661507,0.26429542
PMC32191_plagiated.xml,PMC29068.xml,0.06439622,0.24292393,0.19901691,0.153950038
PMC32191_plagiated.xml,PMC32299.xml,0.09996445,0.08286712,0.15067385,0.11682874400000001
PMC32191_plagiated.xml,PMC37355.xml,-0.023551194,0.13575357,0.23967116,0.1135987004
PMC32193_plagiated.xml,PMC32193.xml,0.9244934,0.5300472,0.83367157,0.8092754280000001
PMC32193_plagiated.xml,PMC29004.xml,0.23459013,0.2971996,0.32505128,0.283296484
PMC32193_plagiated.xml,PMC32303.xml,0.18053281,0.544043,0.23614785,0.27548086400000005
PMC32193_plagiated.xml,PMC31481.xml,0.094619974,0.20132543,0.3240025,0.20771407560000002
PMC32193_plagiated.xml,PMC29044.xml,0.070293374,0.16345537,0.12826298,0.11211361560000001
PMC32195_plagiated.xml,PMC29004.xml,0.22358479,0.33561158,0.20852786,0.239967376
PMC32195_plagiated.xml,PMC29030.xml,0.24614048,0.32442105,0.09154573,0.199958694
PMC32195_plagiated.xml,PMC31342.xml,0.23221913,0.14245702,0.17814288,0.192636208
PMC32195_plagiated.xml,PMC29012.xml,0.12837176,0.23723026,0.06060257,0.12303578400000001
PMC32195_plagiated.xml,PMC37355.xml,0.08038309,0.18868297,0.045410812,0.08805415480000002
PMC32196_plagiated.xml,PMC32196.xml,0.959795,0.5310544,0.8871808,0.8450012
PMC32196_plagiated.xml,PMC34605.xml,0.2490263,0.14025563,0.38346142,0.281046214
PMC32196_plagiated.xml,PMC35360.xml,0.088545375,0.25304902,0.22276601,0.17513435800000002
PMC32196_plagiated.xml,PMC29012.xml,0.1261509,0.230145,0.114264086,0.1421949944
PMC32196_plagiated.xml,PMC28987.xml,0.075307414,0.21671602,0.104466766,0.115252876
PMC32197_plagiated.xml,PMC32197.xml,0.7860837,0.36403418,0.8110141,0.711645956
PMC32197_plagiated.xml,PMC35361.xml,0.3775842,0.2694603,0.39503294,0.362938916
PMC32197_plagiated.xml,PMC37314.xml,0.25437936,0.31193823,0.30963495,0.28799337
PMC32197_plagiated.xml,PMC32313.xml,0.29805365,0.1970531,0.26005387,0.26265362800000003
PMC32197_plagiated.xml,PMC32250.xml,0.15240563,0.29997438,0.28289706,0.234115952
PMC32199_plagiated.xml,PMC32199.xml,0.9216473,0.19660248,0.9480559,0.787201776
PMC32199_plagiated.xml,PMC34549.xml,0.3843726,0.39371288,0.40283448,0.393625408
PMC32199_plagiated.xml,PMC35361.xml,0.2551855,0.21055415,0.45648062,0.326777278
PMC32199_plagiated.xml,PMC32299.xml,0.320847,0.27496105,0.24226618,0.28023748200000004
PMC32199_plagiated.xml,PMC32188.xml,0.176842,0.20598227,0.26485062,0.217873502
PMC32204_plagiated.xml,PMC32204.xml,0.7867904,0.65937686,0.89845693,0.805974304
PMC32204_plagiated.xml,PMC29012.xml,0.1497075,0.3439422,0.30003792,0.248686608
PMC32204_plagiated.xml,PMC31342.xml,0.2529611,0.12563029,0.21432602,0.212040906
PMC32204_plagiated.xml,PMC32183.xml,0.12635587,0.22482775,0.2728036,0.204629338
PMC32204_plagiated.xml,PMC37355.xml,0.10723584,0.09407231,0.17551629,0.131915314
PMC32206_plagiated.xml,PMC32206.xml,0.76426136,0.1699292,0.782931,0.6528627840000001
PMC32206_plagiated.xml,PMC29068.xml,0.18682307,0.21456337,0.23007591,0.20967226600000002
PMC32206_plagiated.xml,PMC29092.xml,0.1659323,0.2340149,0.20357554,0.194606116
PMC32206_plagiated.xml,PMC33394.xml,0.12351504,0.22425702,0.21303706,0.179472244
PMC32206_plagiated.xml,PMC32191.xml,0.10435669,0.05622446,0.21282393,0.13811714
PMC32208_plagiated.xml,PMC32208.xml,0.8465105,0.6410331,0.7383718,0.7621595400000001
PMC32208_plagiated.xml,PMC29046.xml,0.31409526,0.41598052,0.38150537,0.361436356
PMC32208_plagiated.xml,PMC32170.xml,0.26535425,0.42895538,0.41313496,0.35718676000000005
PMC32208_plagiated.xml,PMC32247.xml,0.1926935,0.3417127,0.31047407,0.269609568
PMC32208_plagiated.xml,PMC29087.xml,0.23942545,0.31561697,0.24946825,0.258680874
PMC32247_plagiated.xml,PMC32247.xml,0.8032654,0.46355158,0.9538169,0.7955432360000001
PMC32247_plagiated.xml,PMC29012.xml,0.18787584,0.31074557,0.33340746,0.270662434
PMC32247_plagiated.xml,PMC29073.xml,0.124217674,0.23285152,0.18121871,0.16874485760000002
PMC32247_plagiated.xml,PMC37355.xml,0.11159994,0.060519934,0.16779795,0.12386314279999999
PMC32247_plagiated.xml,PMC29096.xml,0.09310377,0.13339078,0.10357091,0.10534802800000001
PMC32248_plagiated.xml,PMC32248.xml,0.85040826,0.34379426,0.8282223,0.740211076
PMC32248_plagiated.xml,PMC31330.xml,0.35163826,0.350613,0.32458165,0.340610564
PMC32248_plagiated.xml,PMC32182.xml,0.31265652,0.31140852,0.26507193,0.293373084
PMC32248_plagiated.xml,PMC34549.xml,0.29369563,0.3199135,0.2679083,0.288624272
PMC32248_plagiated.xml,PMC32299.xml,0.22502172,0.23711213,0.2126506,0.22249135400000003
PMC32250_plagiated.xml,PMC32250.xml,0.9373234,0.2383427,0.8512007,0.76307818
PMC32250_plagiated.xml,PMC32197.xml,0.20986882,0.1036943,0.31122547,0.22917657600000002
PMC32250_plagiated.xml,PMC30711.xml,0.21930203,0.1350833,0.22122282,0.2032266
PMC32250_plagiated.xml,PMC31348.xml,0.14435734,0.11558268,0.23272562,0.17394972
PMC32250_plagiated.xml,PMC31342.xml,0.13128917,0.14543657,0.19259979,0.158642898
PMC32296_plagiated.xml,PMC32296.xml,0.9528456,0.5310257,0.88377094,0.8408517560000001
PMC32296_plagiated.xml,PMC32297.xml,0.62349206,0.5213764,0.6005308,0.5938844240000001
PMC32296_plagiated.xml,PMC32197.xml,0.24982044,0.15003456,0.28657404,0.244564704
PMC32296_plagiated.xml,PMC13902.xml,0.24525666,0.14461806,0.24451572,0.224832564
PMC32296_plagiated.xml,PMC29016.xml,0.13671544,0.18997748,0.21404095,0.178298052
PMC32297_plagiated.xml,PMC32297.xml,0.85151243,0.4605685,0.6403124,0.688843632
PMC32297_plagiated.xml,PMC32296.xml,0.56077385,0.45913994,0.43243518,0.4891116000000001
PMC32297_plagiated.xml,PMC13902.xml,0.18437237,0.24046339,0.311007,0.24624442600000002
PMC32297_plagiated.xml,PMC32197.xml,0.21312553,0.21166807,0.25383765,0.22911888600000002
PMC32297_plagiated.xml,PMC32183.xml,0.10463762,0.375116,0.16965629,0.184740764
PMC32299_plagiated.xml,PMC32299.xml,0.74537313,0.27858084,0.8054957,0.6760637
PMC32299_plagiated.xml,PMC32158.xml,0.23517032,0.25875938,0.394136,0.30347440400000003
PMC32299_plagiated.xml,PMC32250.xml,0.2575826,0.33674255,0.23118316,0.262854814
PMC32299_plagiated.xml,PMC30711.xml,0.2084204,0.23614669,0.28721052,0.24548170600000002
PMC32299_plagiated.xml,PMC29012.xml,0.03156433,0.103963904,0.14117062,0.08988676079999999
PMC32302_plagiated.xml,PMC32302.xml,0.9730303,0.42672426,0.9650294,0.8605687320000002
PMC32302_plagiated.xml,PMC29004.xml,0.09855916,0.14849934,0.28218395,0.18199711200000002
PMC32302_plagiated.xml,PMC29012.xml,0.00954189,0.10674704,0.19553176,0.10337886800000001
PMC32302_plagiated.xml,PMC33518.xml,-0.0048335865,0.2476474,0.11469801,0.09347524940000002
PMC32302_plagiated.xml,PMC37355.xml,0.021226076,0.17965762,0.048637863,0.0638770996
PMC32303_plagiated.xml,PMC32303.xml,0.89304376,0.49194688,0.9122263,0.8204974
PMC32303_plagiated.xml,PMC29004.xml,0.22367603,0.20981142,0.18201822,0.20423998400000004
PMC32303_plagiated.xml,PMC34116.xml,0.10342858,0.29914328,0.15058832,0.16143541600000003
PMC32303_plagiated.xml,PMC31333.xml,0.073298074,0.16904761,0.10135895,0.1036723316
PMC32303_plagiated.xml,PMC37355.xml,0.007817991,0.18599868,0.12028052,0.0884391404
PMC32304_plagiated.xml,PMC32304.xml,0.96171856,0.4933708,0.7598155,0.7872877840000001
PMC32304_plagiated.xml,PMC32183.xml,0.25989044,0.29472935,0.366216,0.30938844600000004
PMC32304_plagiated.xml,PMC31330.xml,0.28019968,0.33403367,0.2322798,0.271798526
PMC32304_plagiated.xml,PMC32299.xml,0.21860781,0.1953449,0.1676711,0.19358054400000002
PMC32304_plagiated.xml,PMC35361.xml,0.17860445,0.18458927,0.14871262,0.167844682
PMC32311_plagiated.xml,PMC32311.xml,0.96063375,0.5203012,0.96223104,0.8732061560000001
PMC32311_plagiated.xml,PMC34514.xml,0.3675242,0.35708767,0.5661366,0.444881854
PMC32311_plagiated.xml,PMC37310.xml,0.35889924,0.29762295,0.4829263,0.396254806
PMC32311_plagiated.xml,PMC31411.xml,0.24324626,0.31849253,0.37000185,0.30899775
PMC32311_plagiated.xml,PMC34549.xml,0.29177496,0.30062437,0.3060014,0.299235418
PMC32312_plagiated.xml,PMC32312.xml,0.9255387,0.47549146,0.90521824,0.827401068
PMC32312_plagiated.xml,PMC29096.xml,0.3111915,0.39260224,0.43907508,0.37862708
PMC32312_plagiated.xml,PMC32299.xml,0.22012337,0.25568056,0.22648263,0.22977851200000002
PMC32312_plagiated.xml,PMC29012.xml,0.12060776,0.376814,0.22973174,0.2154986
PMC32312_plagiated.xml,PMC32197.xml,0.16807783,0.1320023,0.27844217,0.20500846
PMC32313_plagiated.xml,PMC32313.xml,0.83444005,0.566598,0.8834921,0.8004924600000001
PMC32313_plagiated.xml,PMC31330.xml,0.39881346,0.35947382,0.4454253,0.40959026800000004
PMC32313_plagiated.xml,PMC31347.xml,0.32219136,0.35598832,0.4244169,0.36984096800000005
PMC32313_plagiated.xml,PMC35361.xml,0.3032933,0.2781942,0.43483526,0.350890264
PMC32313_plagiated.xml,PMC32187.xml,0.2750161,0.23271413,0.29522565,0.27463952599999997
PMC33341_plagiated.xml,PMC33341.xml,0.76840436,0.3613211,0.8730819,0.7288587240000001
PMC33341_plagiated.xml,PMC32197.xml,0.29806596,0.28537,0.33104378,0.30871789600000005
PMC33341_plagiated.xml,PMC32183.xml,0.23044695,0.26336694,0.27356192,0.254276936
PMC33341_plagiated.xml,PMC29012.xml,0.12756518,0.3094365,0.204616,0.194759772
PMC33341_plagiated.xml,PMC31342.xml,0.014774488,0.18920916,0.11291686,0.0889183712
PMC33342_plagiated.xml,PMC33342.xml,0.8376709,0.32772768,0.90076196,0.7609186800000001
PMC33342_plagiated.xml,PMC31342.xml,0.19527197,0.14890942,0.17474312,0.17778792
PMC33342_plagiated.xml,PMC29004.xml,0.15078573,0.12515785,0.2310003,0.17774598200000002
PMC33342_plagiated.xml,PMC33394.xml,0.013498226,0.18855393,0.1919522,0.1198909564
PMC33342_plagiated.xml,PMC35267.xml,0.060612015,0.1620918,0.15359046,0.11809935
PMC33343_plagiated.xml,PMC33343.xml,0.9420721,0.500031,0.9253272,0.84696592
PMC33343_plagiated.xml,PMC32247.xml,0.19408605,0.3337494,0.33807635,0.27961484000000003
PMC33343_plagiated.xml,PMC32170.xml,0.18318287,0.3088333,0.35420159,0.27672044399999995
PMC33343_plagiated.xml,PMC29012.xml,0.113698095,0.26612347,0.33167595,0.231374312
PMC33343_plagiated.xml,PMC28987.xml,0.18331242,0.13005474,0.118737936,0.14683109040000003
PMC33344_plagiated.xml,PMC33344.xml,0.9101863,0.5090398,0.9139315,0.83145508
PMC33344_plagiated.xml,PMC32299.xml,0.3317891,0.35107616,0.33935505,0.33867289199999995
PMC33344_plagiated.xml,PMC33341.xml,0.31504887,0.07414612,0.36730576,0.287771076
PMC33344_plagiated.xml,PMC31342.xml,0.18860194,0.17740913,0.19593106,0.189295026
PMC33344_plagiated.xml,PMC29012.xml,0.17094336,0.19158666,0.20619605,0.18917309599999999
PMC33392_plagiated.xml,PMC33392.xml,0.7754454,0.5641941,0.8677897,0.77013286
PMC33392_plagiated.xml,PMC15024.xml,0.33362693,0.45817178,0.42745978,0.39606904
PMC33392_plagiated.xml,PMC34549.xml,0.283809,0.48636577,0.41203374,0.37561025000000003
PMC33392_plagiated.xml,PMC35361.xml,0.25695807,0.42618823,0.3163705,0.314569074
PMC33392_plagiated.xml,PMC32299.xml,0.14238276,0.3424163,0.3401451,0.261494404
PMC33394_plagiated.xml,PMC33394.xml,0.9527987,0.33067524,0.9026077,0.808297608
PMC33394_plagiated.xml,PMC32189.xml,0.3868265,0.26298046,0.48952302,0.40313590000000005
PMC33394_plagiated.xml,PMC32183.xml,0.20233567,0.36467785,0.38687962,0.308621686
PMC33394_plagiated.xml,PMC31411.xml,0.17608151,0.14304471,0.5026013,0.30008206600000004
PMC33394_plagiated.xml,PMC37355.xml,0.17478587,0.19512516,0.40928173,0.272652072
PMC33396_plagiated.xml,PMC33396.xml,0.94689184,0.509318,0.88065606,0.83288276
PMC33396_plagiated.xml,PMC32187.xml,0.36467823,0.38828886,0.5219137,0.43229454400000006
PMC33396_plagiated.xml,PMC35277.xml,0.43242803,0.37415484,0.275419,0.35796978
PMC33396_plagiated.xml,PMC33392.xml,0.34287983,0.23525542,0.4244798,0.353994936
PMC33396_plagiated.xml,PMC17803.xml,0.4004953,0.21660368,0.36769116,0.35059532000000004
PMC33507_plagiated.xml,PMC29096.xml,0.37324762,0.33228445,0.3474933,0.354753258
PMC33507_plagiated.xml,PMC29080.xml,0.3253687,0.12060246,0.37251195,0.30327275200000003
PMC33507_plagiated.xml,PMC37355.xml,0.3027262,0.12774913,0.33972728,0.28253121800000003
PMC33507_plagiated.xml,PMC29068.xml,0.22487693,0.19930163,0.19581562,0.208137346
PMC33507_plagiated.xml,PMC34102.xml,0.16153209,0.2773471,0.20437299,0.20183145200000002
PMC33518_plagiated.xml,PMC33518.xml,0.7775599,0.41468066,0.8480725,0.7331890919999999
PMC33518_plagiated.xml,PMC32204.xml,0.3329774,0.24785985,0.4523213,0.36369145
PMC33518_plagiated.xml,PMC29098.xml,0.35547155,0.2660981,0.31238157,0.320360868
PMC33518_plagiated.xml,PMC29012.xml,0.15042785,0.23061937,0.22654846,0.19691439800000002
PMC33518_plagiated.xml,PMC28987.xml,0.15758169,0.08350347,0.081399255,0.112293072
PMC33820_plagiated.xml,PMC33820.xml,0.780549,0.492885,0.9114783,0.77538792
PMC33820_plagiated.xml,PMC37354.xml,0.4142092,0.29837465,0.49606416,0.423784274
PMC33820_plagiated.xml,PMC33392.xml,0.46126503,0.18757188,0.25333893,0.32335596
PMC33820_plagiated.xml,PMC35277.xml,0.16968876,0.41058207,0.37070653,0.29827453000000004
PMC33820_plagiated.xml,PMC34549.xml,0.25763488,0.19873369,0.29334462,0.26013853800000003
PMC34102_plagiated.xml,PMC34102.xml,0.9032606,0.566184,0.92528975,0.8446569400000001
PMC34102_plagiated.xml,PMC28987.xml,0.19858986,0.23062174,0.21254003,0.21057630400000002
PMC34102_plagiated.xml,PMC37355.xml,0.16719936,0.17003286,0.2259856,0.19128055600000002
PMC34102_plagiated.xml,PMC31342.xml,0.11822668,0.109852135,0.2880424,0.184478059
PMC34102_plagiated.xml,PMC29012.xml,0.0045494586,0.13631254,0.16774315,0.09617955144000001
PMC34107_plagiated.xml,PMC34107.xml,0.93497276,0.50666565,0.82322526,0.8046123380000001
PMC34107_plagiated.xml,PMC28987.xml,0.21327434,0.16020355,0.34354967,0.254770314
PMC34107_plagiated.xml,PMC29098.xml,0.1778892,0.27561826,0.29519293,0.244356504
PMC34107_plagiated.xml,PMC29012.xml,0.006953262,0.32519644,0.2921713,0.1846891128
PMC34107_plagiated.xml,PMC33341.xml,0.10825816,0.047353875,0.10858455,0.096207859
PMC34110_plagiated.xml,PMC34110.xml,0.93642956,0.7696093,0.850801,0.868814084
PMC34110_plagiated.xml,PMC13901.xml,0.36896878,0.64771205,0.26008672,0.38116460999999996
PMC34110_plagiated.xml,PMC37310.xml,0.34348023,0.1790438,0.39501032,0.33120498
PMC34110_plagiated.xml,PMC32304.xml,0.24072814,0.36652407,0.39106935,0.32602381
PMC34110_plagiated.xml,PMC37355.xml,0.18511456,0.13639076,0.23302737,0.19453492400000003
PMC34111_plagiated.xml,PMC34111.xml,0.93058914,0.44540057,0.85821176,0.804600474
PMC34111_plagiated.xml,PMC35286.xml,0.2221688,0.29013577,0.22564806,0.23715389800000003
PMC34111_plagiated.xml,PMC29096.xml,0.21176872,0.12646309,0.16361798,0.175447298
PMC34111_plagiated.xml,PMC31342.xml,0.10930673,0.15317976,0.24098602,0.17075305200000002
PMC34111_plagiated.xml,PMC37355.xml,0.0606062,0.15245545,0.19034141,0.130870134
PMC34113_plagiated.xml,PMC35277.xml,0.34568828,0.3140341,0.32963628,0.332936644
PMC34113_plagiated.xml,PMC37354.xml,0.3047439,0.31420767,0.23897704,0.28032991
PMC34113_plagiated.xml,PMC30707.xml,0.29129085,0.3203075,0.24633792,0.279113008
PMC34113_plagiated.xml,PMC29079.xml,0.17085636,0.2735201,0.3147043,0.248928284
PMC34113_plagiated.xml,PMC15024.xml,0.16778907,0.3430003,0.16021179,0.199800404
PMC34114_plagiated.xml,PMC34114.xml,0.94408417,0.23598278,0.8950917,0.782866904
PMC34114_plagiated.xml,PMC29004.xml,0.12433851,0.29178923,0.202111,0.18893765
PMC34114_plagiated.xml,PMC31333.xml,0.14629602,0.16903913,0.21808484,0.17956017000000002
PMC34114_plagiated.xml,PMC28987.xml,0.1299257,0.1834805,0.22202747,0.17747736800000002
PMC34114_plagiated.xml,PMC31342.xml,0.053602908,0.07900764,0.10579337,0.07956003920000002
PMC34116_plagiated.xml,PMC29097.xml,0.35126716,0.34752968,0.42299503,0.379210812
PMC34116_plagiated.xml,PMC29073.xml,0.3632854,0.31848174,0.32850718,0.34041338
PMC34116_plagiated.xml,PMC32189.xml,0.22957245,0.38536417,0.31191805,0.293669034
PMC34116_plagiated.xml,PMC29057.xml,0.16537584,0.47469926,0.1896318,0.236942908
PMC34116_plagiated.xml,PMC34549.xml,0.16148667,0.38001478,0.23037538,0.23274777600000002
PMC34117_plagiated.xml,PMC35283.xml,0.31427637,0.19549948,0.4230442,0.33402812400000004
PMC34117_plagiated.xml,PMC37356.xml,0.22441089,0.40304673,0.4062261,0.33286414200000003
PMC34117_plagiated.xml,PMC32197.xml,0.2513308,0.5291082,0.31283683,0.331488692
PMC34117_plagiated.xml,PMC34520.xml,0.25731742,0.41460252,0.34262708,0.32289830399999997
PMC34117_plagiated.xml,PMC29012.xml,0.13808839,0.20312622,0.31887597,0.22341098800000003
PMC34514_plagiated.xml,PMC34514.xml,0.77967215,0.42326,0.6630563,0.6617433800000001
PMC34514_plagiated.xml,PMC17599.xml,0.24733403,0.3070627,0.23827612,0.2556566
PMC34514_plagiated.xml,PMC37351.xml,0.267035,0.227333,0.22615261,0.24274164400000003
PMC34514_plagiated.xml,PMC31333.xml,0.244409,0.2415202,0.23870032,0.241547768
PMC34514_plagiated.xml,PMC29079.xml,0.06821016,0.18913086,0.20872074,0.148598532
PMC34520_plagiated.xml,PMC34520.xml,0.9355451,0.53902423,0.9106699,0.846290846
PMC34520_plagiated.xml,PMC15024.xml,0.15246093,0.28484985,0.42040342,0.28611571
PMC34520_plagiated.xml,PMC32250.xml,0.28413412,0.26592785,0.29237422,0.283788906
PMC34520_plagiated.xml,PMC31330.xml,0.21895504,0.257121,0.31689167,0.26576288400000003
PMC34520_plagiated.xml,PMC29066.xml,0.14490226,0.2638197,0.2525884,0.211760204
PMC34549_plagiated.xml,PMC34549.xml,0.90097076,0.53748393,0.8986771,0.82735593
PMC34549_plagiated.xml,PMC15024.xml,0.36708558,0.3145878,0.38035685,0.361894532
PMC34549_plagiated.xml,PMC30712.xml,0.3197085,0.29960904,0.20563565,0.270059468
PMC34549_plagiated.xml,PMC31370.xml,0.24624659,0.23142329,0.29289877,0.261942802
PMC34549_plagiated.xml,PMC17599.xml,0.3213378,0.1604403,0.20813572,0.24387746800000001
PMC34550_plagiated.xml,PMC34550.xml,0.65361834,0.34337583,0.9077812,0.693234982
PMC34550_plagiated.xml,PMC37355.xml,0.1053782,0.064484745,0.32324308,0.18434546100000002
PMC34550_plagiated.xml,PMC32197.xml,0.060509752,0.21838352,0.23231596,0.1608069888
PMC34550_plagiated.xml,PMC34549.xml,0.0970219,0.12622538,0.23964758,0.159912868
PMC34550_plagiated.xml,PMC35354.xml,0.011875543,0.0993916,0.26725143,0.13152910920000002
PMC34551_plagiated.xml,PMC34551.xml,0.82636726,0.6353742,0.8978301,0.816753784
PMC34551_plagiated.xml,PMC31481.xml,0.04697172,0.26157224,0.12001365,0.11910859600000001
PMC34551_plagiated.xml,PMC31333.xml,0.119432285,0.108083315,0.11753345,0.116402957
PMC34551_plagiated.xml,PMC34117.xml,0.10697209,0.11644278,0.10815652,0.10934000000000002
PMC34551_plagiated.xml,PMC37355.xml,0.09488492,0.17051193,0.038376473,0.08740694320000002
PMC34552_plagiated.xml,PMC34552.xml,0.8467994,0.42888218,0.84492576,0.7624665
PMC34552_plagiated.xml,PMC13901.xml,0.29479566,0.3469717,0.3719461,0.336091044
PMC34552_plagiated.xml,PMC34514.xml,0.25114846,0.21770355,0.30489123,0.26595658600000005
PMC34552_plagiated.xml,PMC37310.xml,0.2080999,0.2093405,0.31238276,0.250061164
PMC34552_plagiated.xml,PMC31330.xml,0.14618295,0.2797858,0.24447575,0.21222064000000002
PMC34605_plagiated.xml,PMC34605.xml,0.91621864,0.7512193,0.90004015,0.876747376
PMC34605_plagiated.xml,PMC29004.xml,0.15728296,0.30033264,0.30196714,0.24376656800000002
PMC34605_plagiated.xml,PMC37355.xml,0.0853472,0.11368118,0.2105807,0.141107396
PMC34605_plagiated.xml,PMC29012.xml,0.06804588,0.16706936,0.19882028,0.140160336
PMC34605_plagiated.xml,PMC31481.xml,0.06454288,0.14818405,0.19137955,0.13200578200000002
PMC34606_plagiated.xml,PMC34606.xml,0.90281594,0.3288923,0.77608633,0.7373393680000001
PMC34606_plagiated.xml,PMC31925.xml,0.39714167,0.2652468,0.33230883,0.34482956000000003
PMC34606_plagiated.xml,PMC29096.xml,0.28110367,0.37560928,0.3117125,0.312248324
PMC34606_plagiated.xml,PMC32299.xml,0.2661876,0.14443952,0.22299841,0.22456230800000002
PMC34606_plagiated.xml,PMC32197.xml,0.19598547,0.16401376,0.17458689,0.18103169600000002
PMC35267_plagiated.xml,PMC35267.xml,0.95088255,0.3278198,0.9044385,0.80769238
PMC35267_plagiated.xml,PMC31481.xml,0.26501846,0.41365424,0.41402915,0.354349892
PMC35267_plagiated.xml,PMC37355.xml,0.31945854,0.32925916,0.3742516,0.34333588800000003
PMC35267_plagiated.xml,PMC33392.xml,0.29854974,0.25288096,0.39903975,0.329611988
PMC35267_plagiated.xml,PMC29087.xml,0.29287124,0.05230639,0.30473393,0.249503346
PMC35277_plagiated.xml,PMC35277.xml,0.90690684,0.63404715,0.5787865,0.721086766
PMC35277_plagiated.xml,PMC17803.xml,0.3355096,0.31477427,0.32221985,0.326046634
PMC35277_plagiated.xml,PMC15024.xml,0.29135278,0.4227513,0.29295886,0.318274916
PMC35277_plagiated.xml,PMC34549.xml,0.37128323,0.35288188,0.21076939,0.303397424
PMC35277_plagiated.xml,PMC29096.xml,0.2685427,0.2763592,0.21311751,0.24793592400000003
PMC35278_plagiated.xml,PMC35278.xml,0.66978234,0.53666395,0.871074,0.7236753260000001
PMC35278_plagiated.xml,PMC30707.xml,0.22436333,0.38474536,0.37056747,0.314921392
PMC35278_plagiated.xml,PMC31330.xml,0.19920796,0.34315526,0.36569172,0.29459092400000003
PMC35278_plagiated.xml,PMC34549.xml,0.23714557,0.23955768,0.27598923,0.253165456
PMC35278_plagiated.xml,PMC32189.xml,0.063223235,0.34817913,0.2886393,0.21038084
PMC35279_plagiated.xml,PMC35279.xml,0.81687564,0.45536783,0.8996194,0.777671582
PMC35279_plagiated.xml,PMC29067.xml,0.33863243,0.4342155,0.4073859,0.38525043200000003
PMC35279_plagiated.xml,PMC17803.xml,0.3850233,0.16057873,0.36956006,0.33394909000000006
PMC35279_plagiated.xml,PMC32188.xml,0.25623566,0.24010678,0.40051305,0.31072084
PMC35279_plagiated.xml,PMC32299.xml,0.2287964,0.41588092,0.3309471,0.307073584
PMC35280_plagiated.xml,PMC35280.xml,0.88626826,0.37105474,0.8198755,0.756668452
PMC35280_plagiated.xml,PMC34117.xml,0.26630974,0.17430612,0.4581808,0.32465744
PMC35280_plagiated.xml,PMC17803.xml,0.2362598,0.10509625,0.3845666,0.26934981
PMC35280_plagiated.xml,PMC30706.xml,0.22130233,0.0853744,0.2459381,0.20397105199999999
PMC35280_plagiated.xml,PMC31339.xml,0.14055663,0.10999523,0.2991803,0.197893818
PMC35283_plagiated.xml,PMC35283.xml,0.93082374,0.48831052,0.9508428,0.85032872
PMC35283_plagiated.xml,PMC29016.xml,0.27765974,0.39658964,0.37798798,0.341577016
PMC35283_plagiated.xml,PMC13901.xml,0.308516,0.3306362,0.35980898,0.333457232
PMC35283_plagiated.xml,PMC32304.xml,0.3146127,0.26048288,0.36800015,0.3251417160000001
PMC35283_plagiated.xml,PMC29066.xml,0.22016218,0.30802166,0.33270368,0.28275067600000003
PMC35285_plagiated.xml,PMC35285.xml,0.8515578,0.541346,0.7661713,0.75536084
PMC35285_plagiated.xml,PMC34549.xml,0.24558789,0.3737635,0.32609472,0.303425744
PMC35285_plagiated.xml,PMC37354.xml,0.26777348,0.2881325,0.27240294,0.27369706800000004
PMC35285_plagiated.xml,PMC32189.xml,0.14563666,0.23049834,0.34173825,0.241049632
PMC35285_plagiated.xml,PMC31347.xml,0.2626531,0.08359404,0.2549637,0.22376552800000002
PMC35286_plagiated.xml,PMC35286.xml,0.9641671,0.6424906,0.9454486,0.8923444000000001
PMC35286_plagiated.xml,PMC29004.xml,0.058218837,0.14396897,0.2980497,0.1713012088
PMC35286_plagiated.xml,PMC34110.xml,0.18950292,0.18902957,0.1271618,0.164471802
PMC35286_plagiated.xml,PMC34114.xml,0.08089431,0.179429,0.12596849,0.11863092
PMC35286_plagiated.xml,PMC37355.xml,0.058284342,0.056124482,0.11977243,0.0824476052
PMC35352_plagiated.xml,PMC35352.xml,0.9231314,0.4755293,0.872799,0.81347802
PMC35352_plagiated.xml,PMC29079.xml,0.49168953,0.3898429,0.56797147,0.5018329800000001
PMC35352_plagiated.xml,PMC32197.xml,0.23121104,0.2840321,0.37383664,0.298825492
PMC35352_plagiated.xml,PMC34520.xml,0.24394551,0.2894514,0.3343876,0.28922352400000007
PMC35352_plagiated.xml,PMC35283.xml,0.17315121,0.1348159,0.41308388,0.261457216
PMC35353_plagiated.xml,PMC37354.xml,0.32220706,0.23566423,0.32674682,0.306714398
PMC35353_plagiated.xml,PMC31330.xml,0.28365713,0.36886686,0.26957893,0.295067796
PMC35353_plagiated.xml,PMC34549.xml,0.31679466,0.27622762,0.26716405,0.288829008
PMC35353_plagiated.xml,PMC15024.xml,0.23880836,0.37847263,0.15479809,0.23313710599999998
PMC35353_plagiated.xml,PMC17599.xml,0.17970075,0.32676652,0.12424405,0.186931224
PMC35354_plagiated.xml,PMC35354.xml,0.9583222,0.5228876,0.9578207,0.8710346800000001
PMC35354_plagiated.xml,PMC15027.xml,0.31711468,0.18717092,0.30887625,0.287830556
PMC35354_plagiated.xml,PMC33394.xml,0.17784998,0.12009657,0.29487902,0.21311091399999998
PMC35354_plagiated.xml,PMC37351.xml,0.11605379,0.089467764,0.2575482,0.1673343488
PMC35354_plagiated.xml,PMC29096.xml,0.0917419,0.06397269,0.21128768,0.13400637
PMC35360_plagiated.xml,PMC35360.xml,0.92621446,0.5985106,0.97697616,0.8809783680000001
PMC35360_plagiated.xml,PMC35267.xml,0.38372397,0.19373955,0.3133648,0.317583418
PMC35360_plagiated.xml,PMC15015.xml,0.24106242,0.28727958,0.28591233,0.26824581599999997
PMC35360_plagiated.xml,PMC31481.xml,0.273499,0.21496388,0.2218032,0.241113656
PMC35360_plagiated.xml,PMC37314.xml,0.09778617,0.22037748,0.1091917,0.126866644
PMC35361_plagiated.xml,PMC35361.xml,0.868224,0.44213325,0.8604579,0.7798994100000001
PMC35361_plagiated.xml,PMC32197.xml,0.48666814,0.37931305,0.5061729,0.47299902600000004
PMC35361_plagiated.xml,PMC31347.xml,0.42272002,0.33816123,0.46869862,0.424199702
PMC35361_plagiated.xml,PMC31330.xml,0.20867074,0.23094743,0.41412595,0.295308162
PMC35361_plagiated.xml,PMC34549.xml,0.25701788,0.23554179,0.29822487,0.269205458
PMC37242_plagiated.xml,PMC31344.xml,0.41713798,0.34673378,0.41334397,0.40153953600000003
PMC37242_plagiated.xml,PMC30706.xml,0.34402195,0.33591083,0.47633553,0.395325158
PMC37242_plagiated.xml,PMC32299.xml,0.3597995,0.38740122,0.35329318,0.362717316
PMC37242_plagiated.xml,PMC33394.xml,0.1658417,0.34581792,0.37059522,0.283738352
PMC37242_plagiated.xml,PMC37355.xml,0.1501652,0.40434974,0.33255577,0.273958336
PMC37243_plagiated.xml,PMC37243.xml,0.9733173,0.22619125,0.88854945,0.78998495
PMC37243_plagiated.xml,PMC32299.xml,0.43201077,0.3068185,0.32797986,0.36535995200000004
PMC37243_plagiated.xml,PMC32183.xml,0.32990354,0.19679275,0.37547112,0.32150841399999996
PMC37243_plagiated.xml,PMC32197.xml,0.30539098,0.15485689,0.32827917,0.28443943800000004
PMC37243_plagiated.xml,PMC30711.xml,0.22250816,0.16254021,0.20489821,0.20347059
PMC37310_plagiated.xml,PMC37310.xml,0.9346281,0.7148042,0.9080583,0.8800354
PMC37310_plagiated.xml,PMC34549.xml,0.2944568,0.27172232,0.27988398,0.28408077600000003
PMC37310_plagiated.xml,PMC34520.xml,0.21217564,0.30304354,0.2619588,0.250262484
PMC37310_plagiated.xml,PMC32188.xml,0.13403222,0.2799171,0.32098114,0.23798876400000002
PMC37310_plagiated.xml,PMC15023.xml,0.1420339,0.2102844,0.24891436,0.19843618400000002
PMC37313_plagiated.xml,PMC37313.xml,0.9309267,0.5776659,0.9150834,0.85393722
PMC37313_plagiated.xml,PMC30711.xml,0.2601976,0.2993144,0.3219807,0.2927342
PMC37313_plagiated.xml,PMC32158.xml,0.14405262,0.10593665,0.2879476,0.19398741800000002
PMC37313_plagiated.xml,PMC29012.xml,0.0772647,0.21343032,0.19292945,0.15076372400000002
PMC37313_plagiated.xml,PMC32299.xml,0.07722847,0.1921153,0.1159756,0.115704688
PMC37314_plagiated.xml,PMC37314.xml,0.7758065,0.58016074,0.8498857,0.766309028
PMC37314_plagiated.xml,PMC29067.xml,0.2531636,0.5155864,0.35588443,0.346736492
PMC37314_plagiated.xml,PMC32197.xml,0.1299873,0.3289054,0.3828721,0.27092484
PMC37314_plagiated.xml,PMC35361.xml,0.20607665,0.1940125,0.28173572,0.23392744800000004
PMC37314_plagiated.xml,PMC37351.xml,0.18524113,0.2432306,0.27615535,0.23320471200000004
PMC37351_plagiated.xml,PMC37351.xml,0.9689646,0.41835567,0.80421925,0.792944674
PMC37351_plagiated.xml,PMC33394.xml,0.24482681,0.24169144,0.35968253,0.290142024
PMC37351_plagiated.xml,PMC32188.xml,0.1619863,0.17976661,0.42860883,0.27219137400000004
PMC37351_plagiated.xml,PMC29096.xml,0.36560148,0.20157604,0.20358934,0.26799153600000003
PMC37351_plagiated.xml,PMC31339.xml,0.13031213,0.3060551,0.13449158,0.16713250400000002
PMC37352_plagiated.xml,PMC37352.xml,0.9208256,0.6393465,0.92016643,0.8642661120000001
PMC37352_plagiated.xml,PMC35361.xml,0.33964527,0.35165322,0.45262134,0.387237288
PMC37352_plagiated.xml,PMC35277.xml,0.1675986,0.29530236,0.4146788,0.291971432
PMC37352_plagiated.xml,PMC37351.xml,0.17954424,0.26514614,0.33865273,0.260308016
PMC37352_plagiated.xml,PMC37314.xml,0.2280343,0.31013048,0.19646403,0.231825428
PMC37353_plagiated.xml,PMC29096.xml,0.37549275,0.29398084,0.3170061,0.335795708
PMC37353_plagiated.xml,PMC31337.xml,0.15892772,0.2001925,0.28940153,0.21937020000000002
PMC37353_plagiated.xml,PMC31342.xml,0.08952899,0.03639134,0.3102037,0.16717134400000003
PMC37353_plagiated.xml,PMC31481.xml,0.07720977,0.14731069,0.2418666,0.15709268599999998
PMC37353_plagiated.xml,PMC29012.xml,0.061331294,0.24128675,0.15821722,0.1360767556
PMC37354_plagiated.xml,PMC37354.xml,0.8663368,0.45827416,0.82720673,0.7690722440000001
PMC37354_plagiated.xml,PMC35277.xml,0.27489442,0.31201288,0.4120855,0.33719454400000004
PMC37354_plagiated.xml,PMC32187.xml,0.20725855,0.34073916,0.42993638,0.323025804
PMC37354_plagiated.xml,PMC29079.xml,0.22790967,0.4216853,0.36296004,0.320684944
PMC37354_plagiated.xml,PMC31411.xml,0.242769,0.27448305,0.37581712,0.30233105800000004
PMC37355_plagiated.xml,PMC37355.xml,0.6835488,0.46923316,0.9256021,0.7375069919999999
PMC37355_plagiated.xml,PMC33394.xml,0.16831084,0.32268614,0.31260255,0.256902584
PMC37355_plagiated.xml,PMC34549.xml,0.16098171,0.32450682,0.2653771,0.235444888
PMC37355_plagiated.xml,PMC32299.xml,0.21889956,0.26369837,0.17068312,0.20857274600000003
PMC37355_plagiated.xml,PMC31481.xml,0.058679357,0.23574713,0.31363434,0.1960749048
PMC37356_plagiated.xml,PMC37356.xml,0.8501525,0.4413937,0.84489465,0.7662976
PMC37356_plagiated.xml,PMC29097.xml,0.47373012,0.30527374,0.47180507,0.439268824
PMC37356_plagiated.xml,PMC29012.xml,0.20868248,0.15891735,0.33894572,0.25083475
PMC37356_plagiated.xml,PMC30711.xml,0.080225974,0.18227412,0.2450408,0.16656153360000003
PMC37356_plagiated.xml,PMC31348.xml,0.04429677,0.25639552,0.23429218,0.162714684
PMC37391_plagiated.xml,PMC37391.xml,0.9110637,0.32182083,0.88775575,0.783891946
PMC37391_plagiated.xml,PMC31347.xml,0.3530308,0.41821066,0.3989238,0.384423972
PMC37391_plagiated.xml,PMC30706.xml,0.26492822,0.30479246,0.3564,0.30948978
PMC37391_plagiated.xml,PMC15027.xml,0.23986456,0.29118478,0.3780187,0.30539026
PMC37391_plagiated.xml,PMC31411.xml,0.14616102,0.20601705,0.27889812,0.21122706600000002
